id,donor_id,volunteer_id,food_item_id,pickup_ts,weight_kg,status
1,111,377,10,2025-05-06 12:15:17,3.9,picked_up
2,173,295,1,2025-08-17 08:22:56,8.2,picked_up
3,148,21,11,2025-10-24 16:41:29,33.7,picked_up
4,114,143,8,2025-03-12 19:36:05,45.4,picked_up
5,126,47,7,2025-07-02 20:48:51,53.7,picked_up
6,27,83,6,2025-05-09 09:59:34,45.3,picked_up
7,103,390,8,2025-08-02 23:16:19,28.8,picked_up
8,83,60,2,2025-10-28 08:40:06,30.6,picked_up
9,1,337,9,2025-07-31 01:20:19,50.4,picked_up
10,93,319,1,2025-10-22 02:33:40,11.6,picked_up
11,53,137,8,2025-08-02 15:05:53,62.7,picked_up
12,179,249,5,2025-02-17 11:46:23,23.0,cancelled
13,62,364,11,2025-03-03 20:11:29,26.3,picked_up
14,24,116,1,2025-02-14 09:32:03,24.3,picked_up
15,40,256,2,2025-10-06 15:13:37,54.6,picked_up
16,124,242,12,2025-04-05 23:44:12,15.1,picked_up
17,154,261,3,2025-10-18 03:57:02,52.2,picked_up
18,107,175,2,2025-11-03 06:03:30,27.9,picked_up
19,77,301,1,2025-08-14 13:16:39,14.9,picked_up
20,115,276,8,2025-07-08 10:23:20,70.3,picked_up
21,97,234,9,2025-05-06 07:10:56,47.0,picked_up
22,99,120,12,2025-10-29 12:35:54,13.5,picked_up
23,181,196,6,2025-05-31 06:30:53,91.9,picked_up
24,127,19,11,2025-02-19 08:42:01,39.3,picked_up
25,26,226,10,2025-02-09 01:22:49,17.9,picked_up
26,37,210,8,2025-09-12 15:00:15,9.1,picked_up
27,68,174,2,2025-08-31 09:11:55,41.8,picked_up
28,85,346,11,2025-07-27 13:43:13,7.8,picked_up
29,195,250,6,2025-07-30 10:38:05,78.9,picked_up
30,176,148,2,2025-03-30 16:19:32,24.9,picked_up
31,195,325,7,2025-10-01 16:44:16,78.4,picked_up
32,77,15,8,2025-01-19 04:40:00,20.0,picked_up
33,96,221,1,2025-02-26 20:48:31,15.3,picked_up
34,47,88,7,2025-03-10 07:45:52,48.7,picked_up
35,62,255,7,2025-08-15 19:25:06,52.6,picked_up
36,118,131,8,2025-09-17 07:24:21,53.9,cancelled
37,174,280,8,2025-03-03 16:26:22,72.9,picked_up
38,77,328,6,2025-06-15 02:50:45,118.6,picked_up
39,51,197,8,2025-07-07 23:49:32,68.9,picked_up
40,148,152,7,2025-09-29 21:45:12,49.2,picked_up
41,3,290,11,2025-09-24 16:06:52,18.9,picked_up
42,191,255,1,2025-04-22 11:31:22,36.9,picked_up
43,91,113,4,2025-09-05 13:42:31,19.4,picked_up
44,185,393,5,2025-09-14 08:01:02,34.5,picked_up
45,161,331,3,2025-01-16 15:26:42,79.1,picked_up
46,94,375,8,2025-02-21 08:50:48,10.4,picked_up
47,107,90,5,2025-03-20 07:32:35,17.7,picked_up
48,94,272,9,2025-07-15 05:03:58,53.2,picked_up
49,124,152,3,2025-10-18 06:26:14,38.3,picked_up
50,20,73,2,2025-10-21 05:12:04,41.7,picked_up
51,102,286,11,2025-05-23 09:16:14,30.3,picked_up
52,138,64,7,2025-06-26 22:54:46,9.0,picked_up
53,150,196,12,2025-11-16 17:29:05,34.3,picked_up
54,60,242,6,2025-01-11 01:14:47,21.9,picked_up
55,157,114,9,2025-09-09 20:33:27,23.0,picked_up
56,78,333,8,2025-06-08 21:35:35,73.5,picked_up
57,78,253,1,2025-02-15 10:19:16,38.1,picked_up
58,117,190,9,2025-09-18 17:23:04,12.5,picked_up
59,108,301,12,2025-10-16 14:26:55,47.4,picked_up
60,126,316,7,2025-06-08 19:54:56,55.2,picked_up
61,95,112,5,2025-06-22 12:37:47,3.6,picked_up
62,26,352,4,2025-05-23 23:48:35,26.1,picked_up
63,102,142,11,2025-03-16 01:08:38,17.6,picked_up
64,55,329,8,2025-09-06 16:30:21,14.6,picked_up
65,86,125,1,2025-02-19 05:41:44,6.8,picked_up
66,196,284,4,2025-03-22 18:50:47,4.9,picked_up
67,38,306,4,2025-01-02 10:25:45,11.9,picked_up
68,139,129,3,2025-11-07 10:41:17,118.6,picked_up
69,34,8,11,2025-05-20 11:03:36,35.3,picked_up
70,5,90,4,2025-04-14 09:24:16,18.9,picked_up
71,30,382,12,2025-01-26 00:24:13,22.2,picked_up
72,28,232,6,2025-07-16 00:07:01,66.5,picked_up
73,169,267,10,2025-04-28 11:23:54,4.1,picked_up
74,123,206,1,2025-06-15 21:09:29,7.1,picked_up
75,114,38,8,2025-02-01 17:01:18,59.3,picked_up
76,71,320,3,2025-09-04 04:42:09,17.2,picked_up
77,153,272,12,2025-04-25 20:38:46,17.6,picked_up
78,180,59,10,2025-09-12 14:22:01,22.6,picked_up
79,56,221,9,2025-06-25 16:47:48,44.6,picked_up
80,117,205,7,2025-06-11 21:18:16,32.4,picked_up
81,171,131,6,2025-05-26 16:44:18,56.9,picked_up
82,18,47,11,2025-02-03 11:39:12,37.3,picked_up
83,96,67,2,2025-08-05 09:45:04,61.6,picked_up
84,172,63,9,2025-06-09 21:00:50,35.9,picked_up
85,109,370,11,2025-01-21 07:30:43,37.9,picked_up
86,27,296,10,2025-07-17 09:25:39,17.0,picked_up
87,28,180,11,2025-08-05 08:46:12,21.9,picked_up
88,110,288,5,2025-10-26 08:59:22,29.6,picked_up
89,143,14,10,2025-08-25 20:14:38,34.4,picked_up
90,47,140,12,2025-10-01 05:37:38,14.8,picked_up
91,47,74,6,2025-08-09 06:29:42,48.6,picked_up
92,163,16,2,2025-02-05 23:14:36,18.2,picked_up
93,117,175,4,2025-03-03 11:09:38,13.2,picked_up
94,146,306,12,2025-02-03 07:51:25,17.6,picked_up
95,159,26,3,2025-09-20 01:50:37,27.3,picked_up
96,125,311,8,2025-06-22 00:09:01,55.7,picked_up
97,30,177,4,2025-06-17 07:05:07,23.4,picked_up
98,125,270,11,2025-09-17 10:07:34,28.7,picked_up
99,154,29,4,2025-01-04 07:38:55,13.7,picked_up
100,196,131,4,2025-04-23 17:50:34,23.7,picked_up
101,111,90,1,2025-02-20 12:05:52,22.4,picked_up
102,144,343,12,2025-11-10 10:19:49,13.0,picked_up
103,11,224,7,2025-01-08 14:41:01,70.0,picked_up
104,148,220,2,2025-08-12 00:28:20,70.1,picked_up
105,30,208,11,2025-01-09 10:23:49,19.6,picked_up
106,159,236,3,2025-09-26 03:37:53,98.1,picked_up
107,28,125,2,2025-06-19 12:47:58,39.4,picked_up
108,80,382,9,2025-05-13 04:29:35,9.3,picked_up
109,163,59,3,2025-07-26 09:35:43,18.4,picked_up
110,166,76,6,2025-04-03 02:11:07,48.6,picked_up
111,155,79,5,2025-10-23 13:43:12,11.5,picked_up
112,198,322,2,2025-07-12 05:30:16,20.8,picked_up
113,115,349,10,2025-08-08 13:26:41,38.5,picked_up
114,161,162,10,2025-02-28 23:01:29,17.5,picked_up
115,78,141,8,2025-08-19 00:25:54,39.8,picked_up
116,119,232,9,2025-01-15 22:31:29,9.1,picked_up
117,24,315,5,2025-08-20 01:13:30,5.7,picked_up
118,190,22,8,2025-06-24 23:49:18,49.8,picked_up
119,83,310,10,2025-07-05 01:11:01,33.3,picked_up
120,88,366,1,2025-02-03 02:00:16,20.8,picked_up
121,182,225,3,2025-06-20 23:42:28,14.3,picked_up
122,96,145,10,2025-05-31 18:59:02,9.6,picked_up
123,14,324,6,2025-09-09 17:19:23,84.7,picked_up
124,174,198,6,2025-04-21 16:26:30,20.4,picked_up
125,155,77,11,2025-05-10 19:09:33,38.8,picked_up
126,90,159,11,2025-09-13 02:52:23,9.9,picked_up
127,182,44,7,2025-05-01 13:30:44,17.3,picked_up
128,33,344,11,2025-10-01 06:51:30,32.7,picked_up
129,135,48,12,2025-09-09 05:23:15,49.9,picked_up
130,93,159,9,2025-03-12 08:10:19,24.9,picked_up
131,125,99,6,2025-03-30 07:32:03,114.2,picked_up
132,26,260,3,2025-10-27 17:04:23,18.5,picked_up
133,10,339,12,2025-05-12 02:52:17,44.4,picked_up
134,97,79,10,2025-03-05 08:15:13,8.3,picked_up
135,43,370,12,2025-06-20 07:24:42,39.0,picked_up
136,61,228,6,2025-08-26 11:09:42,84.4,picked_up
137,60,274,12,2025-04-04 05:12:43,39.6,picked_up
138,50,189,8,2025-09-21 18:16:40,73.1,picked_up
139,73,399,8,2025-05-29 15:18:32,41.2,picked_up
140,52,310,7,2025-02-24 01:58:04,77.6,picked_up
141,96,284,1,2025-02-10 04:12:20,27.4,picked_up
142,73,43,9,2025-10-24 16:45:51,51.8,picked_up
143,38,224,8,2025-02-05 22:49:56,73.2,picked_up
144,90,14,4,2025-06-11 11:07:10,25.1,picked_up
145,99,42,9,2025-05-26 22:26:21,25.6,picked_up
146,183,333,6,2025-05-11 13:07:57,112.4,picked_up
147,121,357,3,2025-02-24 05:38:29,14.2,picked_up
148,2,41,8,2025-01-08 17:07:44,40.3,picked_up
149,187,312,3,2025-07-25 07:11:13,70.4,picked_up
150,32,25,5,2025-04-03 22:25:02,13.4,picked_up
151,29,256,10,2025-08-21 02:00:39,23.9,picked_up
152,62,368,11,2025-02-26 02:13:59,23.0,picked_up
153,62,293,1,2025-06-12 02:41:29,26.5,picked_up
154,93,35,11,2025-07-24 15:13:45,8.0,picked_up
155,100,241,9,2025-01-18 05:46:12,35.5,picked_up
156,5,183,6,2025-11-03 13:32:21,37.9,picked_up
157,161,54,4,2025-10-27 22:54:50,22.8,picked_up
158,91,280,6,2025-05-12 19:29:20,24.7,picked_up
159,176,238,3,2025-09-28 09:29:51,101.3,picked_up
160,17,367,3,2025-10-29 18:37:07,99.3,picked_up
161,12,103,1,2025-01-17 14:35:30,15.3,picked_up
162,140,243,5,2025-04-09 17:03:19,26.7,picked_up
163,92,400,11,2025-01-19 21:33:57,11.7,picked_up
164,95,224,6,2025-06-05 16:28:23,40.1,picked_up
165,48,255,7,2025-09-27 02:32:45,32.4,picked_up
166,22,373,9,2025-06-15 04:37:25,19.7,picked_up
167,47,280,10,2025-04-25 10:06:05,49.8,picked_up
168,76,157,2,2025-06-23 12:14:10,31.6,picked_up
169,114,180,7,2025-06-23 23:33:01,20.0,picked_up
170,112,141,6,2025-09-06 16:17:09,77.6,picked_up
171,164,208,1,2025-05-22 10:18:18,7.6,picked_up
172,8,74,12,2025-08-25 06:59:23,34.6,picked_up
173,18,121,8,2025-10-30 16:17:21,10.5,picked_up
174,146,17,6,2025-08-24 07:53:33,52.1,picked_up
175,96,228,8,2025-10-24 16:27:46,76.3,picked_up
176,102,161,3,2025-09-10 14:20:41,68.2,picked_up
177,48,256,2,2025-07-21 09:44:08,9.9,picked_up
178,199,134,9,2025-10-01 18:06:28,11.5,picked_up
179,126,103,10,2025-02-17 23:03:49,15.7,picked_up
180,183,228,2,2025-02-04 10:16:08,40.5,picked_up
181,182,34,6,2025-08-02 22:20:41,83.5,picked_up
182,183,364,5,2025-09-30 06:30:59,42.9,picked_up
183,32,103,6,2025-11-04 22:35:13,66.0,picked_up
184,142,294,8,2025-05-24 14:30:04,9.9,picked_up
185,23,34,9,2025-05-01 10:47:54,12.1,picked_up
186,135,211,12,2025-10-27 01:07:59,36.5,picked_up
187,82,329,10,2025-01-30 03:16:05,5.5,picked_up
188,33,400,11,2025-08-03 10:31:13,23.1,picked_up
189,34,222,3,2025-07-15 15:01:48,94.5,picked_up
190,133,79,1,2025-04-29 10:38:46,34.1,picked_up
191,58,178,6,2025-07-21 20:28:40,112.8,picked_up
192,163,283,2,2025-04-17 22:04:08,26.0,picked_up
193,24,258,5,2025-09-07 06:26:09,31.5,picked_up
194,169,320,10,2025-10-08 04:47:03,9.4,picked_up
195,145,22,6,2025-11-17 19:45:34,102.7,picked_up
196,165,395,2,2025-08-13 07:53:51,11.3,picked_up
197,107,317,4,2025-09-06 11:49:46,23.7,picked_up
198,165,155,11,2025-07-07 21:22:19,24.1,picked_up
199,117,38,11,2025-09-25 18:20:37,19.2,picked_up
200,119,105,8,2025-05-13 10:49:28,37.9,picked_up
201,82,376,6,2025-05-15 11:05:12,104.8,picked_up
202,132,288,3,2025-02-11 13:42:21,93.7,picked_up
203,116,127,8,2025-02-25 01:04:29,16.8,picked_up
204,158,215,5,2025-04-07 18:02:48,47.4,picked_up
205,148,370,3,2025-05-02 18:42:51,99.5,picked_up
206,132,240,3,2025-07-14 00:46:38,64.8,picked_up
207,101,259,8,2025-06-27 21:41:54,9.7,picked_up
208,13,26,4,2025-04-20 14:25:52,18.8,picked_up
209,74,275,11,2025-01-04 12:13:08,28.5,picked_up
210,68,373,7,2025-05-23 09:17:40,17.6,picked_up
211,14,292,6,2025-08-07 12:30:45,15.0,picked_up
212,99,259,9,2025-06-25 05:36:25,20.9,picked_up
213,160,349,5,2025-08-26 15:20:05,41.6,picked_up
214,87,286,2,2025-05-23 07:41:54,36.4,picked_up
215,103,257,4,2025-01-16 23:12:10,19.3,picked_up
216,122,266,3,2025-06-27 19:26:31,88.5,picked_up
217,157,164,9,2025-03-05 10:37:43,12.7,picked_up
218,77,304,10,2025-05-11 23:13:40,37.5,picked_up
219,182,289,9,2025-04-27 18:15:02,34.3,picked_up
220,173,57,1,2025-06-12 02:26:12,17.9,picked_up
221,162,14,12,2025-08-21 03:36:03,43.9,picked_up
222,199,297,11,2025-08-13 15:56:34,32.4,picked_up
223,44,269,1,2025-09-02 14:56:24,25.4,picked_up
224,175,125,7,2025-01-13 14:15:30,18.6,picked_up
225,5,226,12,2025-05-03 03:49:33,7.3,picked_up
226,106,257,7,2025-10-29 07:15:55,57.7,picked_up
227,189,373,8,2025-01-25 12:30:13,70.8,picked_up
228,84,340,9,2025-07-06 02:44:26,16.4,picked_up
229,118,273,6,2025-05-14 06:43:08,115.2,picked_up
230,185,349,11,2025-09-08 04:04:31,32.0,picked_up
231,50,127,5,2025-04-19 16:31:41,31.3,picked_up
232,77,395,4,2025-04-23 13:42:49,28.4,picked_up
233,82,246,12,2025-05-16 19:04:52,35.8,picked_up
234,32,294,12,2025-09-21 02:34:35,15.1,picked_up
235,198,75,7,2025-04-24 03:12:53,66.9,picked_up
236,114,336,12,2025-04-10 22:13:51,5.8,picked_up
237,138,139,4,2025-08-07 14:23:15,8.5,picked_up
238,190,301,3,2025-04-04 06:16:13,22.0,picked_up
239,58,327,11,2025-04-01 18:11:38,36.7,picked_up
240,121,52,7,2025-09-22 21:10:10,31.8,picked_up
241,41,209,1,2025-09-11 21:24:06,38.8,picked_up
242,52,388,8,2025-04-22 21:19:04,42.4,picked_up
243,197,46,11,2025-09-11 15:51:53,7.1,picked_up
244,10,90,9,2025-06-12 14:58:13,45.6,picked_up
245,10,204,3,2025-11-03 08:19:31,112.7,picked_up
246,75,20,12,2025-01-04 22:22:34,48.2,picked_up
247,86,146,10,2025-06-26 18:50:25,7.2,picked_up
248,35,259,9,2025-07-02 02:16:11,33.8,picked_up
249,188,235,2,2025-09-10 02:27:26,31.8,picked_up
250,87,152,3,2025-08-09 20:06:16,11.5,picked_up
251,164,208,4,2025-06-16 10:28:59,7.7,picked_up
252,25,95,2,2025-02-24 22:35:51,36.9,picked_up
253,99,121,4,2025-06-23 19:52:36,3.2,picked_up
254,186,294,6,2025-01-05 18:35:19,43.2,picked_up
255,16,342,6,2025-02-16 05:56:07,86.2,picked_up
256,129,361,3,2025-10-27 07:26:19,54.6,picked_up
257,76,189,2,2025-08-28 00:43:27,54.0,picked_up
258,117,383,3,2025-08-24 13:53:46,62.6,picked_up
259,121,388,12,2025-07-29 02:01:40,28.4,picked_up
260,175,387,4,2025-08-20 17:23:35,23.6,picked_up
261,136,361,2,2025-05-21 20:04:45,45.8,picked_up
262,141,259,10,2025-03-20 20:14:15,7.4,picked_up
263,134,227,3,2025-02-15 11:26:07,28.1,picked_up
264,24,262,12,2025-06-23 08:11:58,30.0,picked_up
265,107,234,8,2025-08-08 08:01:59,17.5,picked_up
266,79,371,8,2025-01-09 18:54:55,56.4,picked_up
267,149,38,1,2025-01-18 22:07:53,31.1,picked_up
268,16,36,12,2025-07-03 16:01:21,5.1,picked_up
269,35,393,7,2025-09-07 11:26:46,21.0,picked_up
270,96,196,11,2025-06-24 12:40:08,38.7,picked_up
271,175,339,7,2025-07-29 18:38:34,35.0,picked_up
272,138,202,6,2025-07-25 17:10:11,23.0,picked_up
273,194,12,4,2025-04-27 04:56:40,25.5,picked_up
274,137,195,12,2025-11-17 02:16:31,28.1,picked_up
275,71,97,8,2025-10-09 21:42:46,32.9,picked_up
276,108,315,1,2025-10-25 20:08:08,33.3,picked_up
277,18,52,1,2025-08-19 23:57:38,13.4,picked_up
278,13,126,10,2025-10-15 22:20:35,34.3,picked_up
279,56,387,8,2025-10-29 17:26:14,24.9,picked_up
280,60,375,9,2025-08-13 01:44:15,59.6,picked_up
281,83,122,10,2025-04-28 12:38:54,39.1,picked_up
282,106,154,11,2025-04-18 04:37:13,23.2,picked_up
283,45,321,10,2025-09-21 22:24:34,44.2,picked_up
284,89,330,8,2025-09-19 01:21:57,11.4,picked_up
285,107,210,9,2025-02-28 06:48:32,22.5,picked_up
286,122,124,3,2025-03-29 20:21:48,93.0,picked_up
287,119,30,12,2025-08-07 17:49:01,8.9,picked_up
288,35,199,7,2025-04-05 15:36:19,48.1,picked_up
289,116,190,6,2025-02-06 05:49:36,81.1,picked_up
290,97,345,4,2025-08-24 06:43:26,4.4,picked_up
291,195,301,2,2025-10-09 15:00:50,21.5,picked_up
292,86,156,4,2025-01-07 06:55:13,15.9,picked_up
293,31,383,4,2025-10-21 06:52:19,29.0,picked_up
294,181,105,4,2025-06-04 08:52:43,21.8,picked_up
295,73,195,9,2025-07-01 09:46:09,22.7,picked_up
296,93,263,6,2025-07-13 10:57:37,43.9,picked_up
297,82,105,12,2025-05-25 07:13:13,24.5,picked_up
298,57,380,1,2025-02-27 00:05:53,24.7,cancelled
299,149,369,9,2025-06-12 12:06:35,56.4,picked_up
300,98,292,4,2025-04-06 18:22:11,11.9,picked_up
301,87,132,11,2025-10-24 19:02:12,38.0,picked_up
302,126,236,12,2025-03-07 16:03:04,32.8,picked_up
303,185,280,6,2025-07-09 23:26:16,28.6,picked_up
304,16,269,9,2025-01-14 11:15:36,59.5,picked_up
305,172,25,2,2025-10-25 04:09:15,76.1,cancelled
306,60,35,3,2025-10-02 23:17:53,102.7,picked_up
307,96,31,4,2025-08-29 06:38:30,16.7,picked_up
308,169,250,10,2025-01-07 10:37:50,45.8,cancelled
309,5,272,9,2025-10-08 19:19:26,27.6,picked_up
310,179,346,5,2025-06-17 13:13:59,2.8,picked_up
311,25,269,3,2025-02-28 03:49:30,21.8,picked_up
312,91,137,10,2025-11-06 01:20:37,27.3,picked_up
313,118,290,6,2025-04-05 18:51:42,115.5,picked_up
314,21,335,4,2025-09-10 17:27:19,11.1,picked_up
315,97,283,2,2025-07-05 04:41:20,37.2,picked_up
316,22,256,1,2025-06-18 20:19:51,29.6,picked_up
317,25,271,6,2025-01-17 20:36:40,72.2,picked_up
318,122,139,12,2025-01-19 09:59:20,44.6,picked_up
319,140,289,11,2025-09-13 22:01:21,37.4,picked_up
320,54,301,6,2025-02-26 07:57:45,11.7,picked_up
321,20,154,12,2025-03-05 10:08:45,41.4,picked_up
322,100,347,10,2025-07-30 06:24:25,42.1,picked_up
323,177,371,12,2025-01-31 18:59:56,8.7,picked_up
324,112,119,6,2025-01-30 20:32:29,15.9,picked_up
325,102,397,10,2025-05-08 02:03:03,47.8,cancelled
326,116,252,5,2025-03-30 22:24:14,39.6,picked_up
327,175,300,7,2025-09-14 21:54:30,39.1,picked_up
328,64,366,10,2025-01-29 21:07:55,16.2,picked_up
329,163,79,3,2025-10-15 14:05:13,51.8,picked_up
330,2,158,6,2025-06-23 01:14:19,21.7,picked_up
331,23,96,5,2025-06-17 17:01:12,6.9,picked_up
332,27,14,9,2025-02-05 03:18:29,33.2,picked_up
333,84,198,2,2025-01-06 03:01:22,51.0,picked_up
334,186,287,7,2025-04-05 14:31:27,64.1,picked_up
335,44,72,3,2025-04-15 18:30:23,85.4,picked_up
336,43,223,8,2025-04-18 12:09:03,18.5,picked_up
337,93,129,8,2025-04-07 02:23:09,64.4,picked_up
338,51,235,8,2025-02-11 21:03:17,50.8,picked_up
339,86,318,1,2025-05-28 20:49:51,38.2,picked_up
340,111,334,6,2025-08-20 04:08:36,58.4,picked_up
341,178,103,6,2025-07-06 08:41:39,76.4,picked_up
342,75,377,7,2025-09-28 05:28:33,77.7,picked_up
343,84,193,10,2025-04-20 04:35:12,39.5,picked_up
344,145,103,7,2025-08-19 07:57:21,34.3,picked_up
345,141,14,3,2025-10-10 18:07:11,85.0,picked_up
346,75,355,12,2025-01-28 04:36:19,12.1,picked_up
347,36,325,7,2025-04-28 22:36:17,56.5,picked_up
348,109,194,11,2025-01-30 01:24:18,10.4,picked_up
349,103,274,10,2025-07-17 01:58:19,25.0,picked_up
350,10,185,12,2025-09-30 19:42:19,22.1,picked_up
351,22,56,9,2025-10-26 23:10:16,37.7,picked_up
352,166,314,11,2025-01-18 12:52:30,17.4,picked_up
353,103,386,11,2025-05-10 02:42:18,28.7,picked_up
354,26,133,7,2025-03-28 13:12:00,15.6,picked_up
355,177,295,9,2025-03-28 04:09:54,35.7,picked_up
356,174,302,7,2025-09-26 11:20:31,41.3,picked_up
357,124,54,6,2025-04-26 01:37:40,119.7,picked_up
358,187,73,2,2025-05-16 14:39:30,16.4,picked_up
359,134,248,8,2025-05-16 14:23:38,64.5,picked_up
360,116,164,8,2025-01-27 10:06:36,60.0,picked_up
361,88,332,12,2025-02-12 19:20:02,7.5,picked_up
362,190,125,3,2025-07-20 17:24:42,112.3,picked_up
363,110,237,3,2025-04-01 09:03:01,46.4,picked_up
364,164,337,11,2025-06-18 03:47:06,11.5,picked_up
365,51,231,12,2025-08-19 07:44:00,31.5,picked_up
366,53,143,1,2025-10-20 12:10:54,29.7,picked_up
367,138,96,2,2025-05-23 09:26:17,49.6,picked_up
368,172,251,8,2025-07-25 06:39:37,16.2,picked_up
369,157,201,6,2025-08-17 07:16:49,75.7,picked_up
370,159,89,6,2025-11-13 08:35:24,103.0,picked_up
371,152,44,5,2025-09-19 08:31:12,46.1,picked_up
372,30,94,2,2025-05-26 07:27:53,25.2,picked_up
373,153,71,9,2025-08-12 13:34:50,26.4,picked_up
374,138,356,3,2025-09-08 22:15:35,63.5,picked_up
375,126,148,3,2025-02-24 19:39:30,71.0,picked_up
376,92,5,8,2025-07-08 12:52:57,52.6,picked_up
377,130,335,7,2025-07-12 13:27:12,77.4,picked_up
378,114,251,8,2025-03-07 06:54:55,37.9,picked_up
379,57,150,1,2025-01-14 00:44:25,32.9,picked_up
380,200,235,9,2025-08-09 00:14:39,20.9,picked_up
381,29,294,8,2025-02-14 16:28:59,47.6,picked_up
382,94,278,9,2025-11-16 19:17:22,50.3,picked_up
383,56,218,12,2025-02-10 02:35:25,23.2,picked_up
384,77,17,11,2025-06-24 23:48:33,31.3,picked_up
385,31,398,2,2025-11-12 15:21:11,39.6,picked_up
386,90,364,12,2025-08-26 08:03:08,30.2,picked_up
387,53,106,3,2025-11-10 03:14:58,77.8,picked_up
388,153,276,6,2025-03-07 17:23:26,68.6,picked_up
389,147,137,12,2025-07-20 02:41:42,16.0,picked_up
390,35,385,11,2025-11-02 11:10:16,33.5,picked_up
391,168,65,1,2025-09-30 17:46:08,39.7,picked_up
392,83,127,4,2025-10-24 01:26:53,6.9,picked_up
393,148,324,7,2025-04-15 16:37:31,43.2,picked_up
394,163,394,7,2025-02-06 11:42:22,40.5,picked_up
395,95,233,12,2025-07-09 20:54:15,15.4,picked_up
396,188,48,1,2025-10-12 04:46:45,35.4,picked_up
397,92,33,11,2025-11-06 08:15:20,28.2,picked_up
398,55,254,4,2025-04-15 14:56:41,29.1,picked_up
399,148,67,5,2025-08-09 04:49:36,18.2,picked_up
400,196,25,6,2025-01-19 04:13:08,108.4,picked_up
401,41,226,8,2025-06-27 15:03:26,9.2,cancelled
402,177,68,7,2025-09-10 18:24:46,22.6,picked_up
403,93,129,5,2025-02-02 08:12:54,6.5,picked_up
404,102,321,11,2025-04-29 23:33:09,10.8,picked_up
405,24,361,4,2025-02-07 07:10:34,14.6,cancelled
406,152,116,8,2025-07-22 01:34:16,13.6,picked_up
407,88,62,1,2025-06-14 08:15:04,5.3,picked_up
408,99,46,8,2025-10-12 03:12:30,13.1,picked_up
409,77,71,2,2025-05-29 23:13:07,30.6,picked_up
410,174,74,3,2025-01-27 21:38:32,80.6,picked_up
411,43,226,1,2025-05-17 17:18:24,26.4,picked_up
412,106,316,11,2025-09-24 23:15:37,31.2,picked_up
413,26,72,4,2025-10-20 13:18:06,5.3,picked_up
414,110,162,12,2025-11-04 13:22:08,20.4,picked_up
415,64,284,5,2025-08-22 17:43:02,32.9,picked_up
416,177,14,10,2025-09-14 00:46:58,15.7,picked_up
417,131,97,4,2025-10-18 18:24:28,17.0,picked_up
418,62,254,11,2025-05-31 04:42:51,6.9,picked_up
419,19,271,8,2025-01-06 00:28:21,53.9,picked_up
420,146,216,6,2025-05-23 05:53:27,24.5,picked_up
421,198,38,3,2025-01-07 19:33:23,93.9,picked_up
422,11,31,1,2025-11-03 20:42:57,14.2,picked_up
423,129,393,5,2025-06-11 16:06:24,32.2,picked_up
424,138,276,7,2025-08-28 13:58:29,13.9,picked_up
425,131,105,2,2025-11-11 03:39:57,30.3,picked_up
426,163,391,6,2025-09-10 16:56:36,53.0,picked_up
427,112,374,2,2025-04-04 00:15:42,30.3,picked_up
428,30,233,2,2025-08-27 03:01:11,74.6,picked_up
429,169,380,5,2025-03-10 13:08:18,34.0,picked_up
430,3,84,12,2025-07-13 02:54:13,8.6,picked_up
431,185,133,9,2025-03-07 04:12:27,33.4,picked_up
432,69,376,12,2025-02-16 04:22:06,39.5,picked_up
433,110,140,1,2025-07-23 18:40:30,16.7,picked_up
434,161,40,12,2025-07-13 00:25:49,48.8,picked_up
435,146,86,6,2025-05-24 03:05:54,16.1,picked_up
436,173,371,2,2025-02-15 02:59:13,72.4,picked_up
437,4,126,9,2025-01-19 04:34:44,5.1,picked_up
438,46,19,7,2025-08-04 01:04:23,74.3,picked_up
439,108,115,12,2025-05-06 07:24:43,37.6,picked_up
440,20,293,12,2025-05-26 02:49:26,17.4,picked_up
441,46,115,11,2025-11-09 16:58:25,36.6,picked_up
442,18,239,1,2025-04-20 23:17:26,38.4,picked_up
443,142,234,5,2025-01-04 10:16:41,17.7,picked_up
444,78,379,5,2025-08-31 04:08:52,29.1,picked_up
445,127,396,6,2025-10-29 15:46:52,75.1,picked_up
446,63,78,9,2025-01-03 19:26:46,46.8,picked_up
447,89,326,1,2025-09-27 15:31:23,13.2,picked_up
448,169,193,6,2025-10-14 23:25:44,10.2,picked_up
449,61,215,2,2025-07-11 10:02:29,22.8,picked_up
450,24,23,3,2025-04-01 05:28:50,88.3,picked_up
451,96,235,9,2025-10-18 18:55:39,27.7,picked_up
452,164,202,2,2025-01-30 09:28:14,44.4,picked_up
453,34,122,1,2025-04-24 14:37:03,20.2,picked_up
454,101,359,6,2025-10-13 21:59:07,111.9,picked_up
455,20,104,8,2025-02-23 04:39:15,27.6,picked_up
456,28,85,10,2025-06-24 22:15:56,7.2,picked_up
457,92,395,7,2025-03-22 23:18:35,16.7,picked_up
458,31,47,8,2025-03-03 13:04:54,27.1,picked_up
459,179,309,5,2025-01-16 23:54:03,41.7,picked_up
460,183,128,6,2025-05-19 11:45:46,26.3,picked_up
461,67,90,1,2025-01-13 09:42:21,28.7,picked_up
462,141,128,8,2025-02-07 02:54:12,48.0,picked_up
463,16,400,3,2025-03-28 15:52:32,23.4,picked_up
464,162,331,7,2025-02-02 23:18:15,34.8,picked_up
465,20,12,5,2025-01-26 08:55:22,46.0,picked_up
466,33,48,11,2025-11-11 11:22:30,20.5,picked_up
467,13,87,1,2025-08-12 04:59:18,38.0,picked_up
468,8,196,12,2025-09-23 16:00:21,21.0,picked_up
469,48,141,6,2025-04-20 00:26:00,33.6,picked_up
470,159,316,3,2025-04-06 18:52:48,13.8,picked_up
471,141,246,8,2025-01-25 00:21:58,37.7,picked_up
472,52,330,7,2025-11-06 22:25:24,17.9,picked_up
473,140,10,11,2025-05-29 21:08:25,39.8,picked_up
474,125,177,6,2025-08-09 00:15:01,62.8,picked_up
475,7,164,7,2025-08-21 05:31:40,27.5,picked_up
476,121,272,5,2025-05-20 03:30:57,4.8,picked_up
477,26,127,4,2025-09-13 10:25:12,29.3,picked_up
478,189,29,9,2025-10-25 01:27:34,49.9,picked_up
479,100,182,4,2025-03-09 19:06:48,18.5,picked_up
480,189,358,10,2025-05-20 16:06:04,17.3,picked_up
481,91,291,1,2025-08-08 05:11:35,29.6,picked_up
482,127,278,4,2025-05-01 08:35:00,25.6,picked_up
483,60,309,1,2025-03-27 07:26:49,8.2,cancelled
484,158,104,8,2025-11-10 12:36:57,8.0,picked_up
485,83,31,12,2025-01-09 20:14:34,10.5,picked_up
486,199,57,12,2025-07-24 17:25:25,46.0,picked_up
487,170,203,2,2025-08-16 22:04:16,34.9,picked_up
488,41,375,5,2025-06-19 23:54:30,17.5,picked_up
489,45,363,8,2025-08-07 14:00:29,54.7,picked_up
490,58,341,10,2025-08-18 01:24:47,39.8,picked_up
491,177,151,7,2025-02-19 18:58:22,30.1,picked_up
492,147,201,1,2025-10-27 16:39:35,38.2,picked_up
493,82,314,1,2025-03-28 02:53:34,11.4,picked_up
494,37,170,2,2025-10-17 19:06:12,75.4,picked_up
495,43,326,6,2025-02-04 18:59:10,118.1,picked_up
496,86,229,11,2025-01-05 18:12:53,27.4,picked_up
497,90,132,4,2025-11-02 23:33:29,21.7,picked_up
498,113,376,1,2025-06-13 07:27:05,6.7,picked_up
499,97,180,7,2025-08-01 09:18:44,43.5,picked_up
500,148,334,8,2025-10-22 19:20:31,64.8,picked_up
501,9,151,3,2025-01-09 03:08:25,59.6,picked_up
502,44,193,2,2025-03-04 19:44:18,13.3,picked_up
503,24,174,9,2025-08-20 00:45:57,56.8,picked_up
504,111,335,8,2025-03-06 09:53:07,58.7,picked_up
505,26,170,7,2025-03-22 03:52:09,19.3,picked_up
506,185,374,7,2025-07-30 02:20:02,58.2,picked_up
507,25,26,5,2025-06-02 22:06:50,16.3,picked_up
508,93,2,8,2025-06-16 09:34:35,19.1,picked_up
509,123,103,11,2025-02-07 23:59:00,26.9,cancelled
510,21,243,3,2025-02-15 04:37:16,80.2,picked_up
511,170,136,7,2025-02-05 17:27:26,41.9,picked_up
512,98,190,7,2025-03-14 19:04:44,21.3,picked_up
513,68,116,5,2025-04-15 15:10:45,23.1,picked_up
514,171,50,3,2025-02-03 14:51:00,92.7,picked_up
515,194,302,9,2025-03-30 16:34:21,27.8,picked_up
516,108,275,7,2025-09-25 03:56:14,66.9,picked_up
517,61,244,8,2025-04-27 09:30:12,49.2,picked_up
518,147,265,12,2025-11-08 04:44:16,3.7,picked_up
519,194,230,10,2025-03-09 11:20:55,9.1,picked_up
520,50,65,3,2025-01-17 21:46:05,116.9,picked_up
521,161,76,11,2025-08-20 10:14:46,20.2,picked_up
522,18,45,12,2025-06-01 01:20:46,45.9,picked_up
523,71,267,9,2025-06-28 06:20:03,22.9,picked_up
524,160,301,1,2025-07-23 06:37:51,32.5,picked_up
525,38,291,2,2025-08-17 15:56:35,37.8,picked_up
526,145,400,2,2025-02-09 13:17:56,74.6,picked_up
527,106,136,9,2025-05-30 02:13:26,53.4,picked_up
528,10,89,10,2025-04-18 07:02:45,31.2,picked_up
529,178,206,10,2025-01-16 09:28:45,31.2,picked_up
530,13,382,6,2025-07-04 21:21:16,86.0,picked_up
531,78,160,6,2025-04-20 05:01:12,12.2,picked_up
532,59,69,12,2025-04-28 00:40:50,34.9,picked_up
533,83,138,8,2025-10-11 08:54:10,63.7,picked_up
534,114,109,11,2025-11-17 07:57:06,8.1,picked_up
535,96,29,8,2025-07-20 10:39:42,62.7,picked_up
536,130,207,2,2025-02-23 00:20:52,30.4,picked_up
537,8,89,9,2025-03-17 04:41:07,53.4,picked_up
538,64,17,4,2025-06-27 14:24:35,25.6,picked_up
539,71,189,6,2025-11-17 03:38:05,87.5,picked_up
540,32,349,7,2025-01-13 04:52:10,53.7,picked_up
541,46,243,8,2025-08-17 06:07:13,50.8,picked_up
542,67,384,6,2025-09-25 20:33:08,28.0,picked_up
543,42,293,1,2025-10-31 04:32:37,18.5,picked_up
544,174,106,4,2025-04-15 20:02:26,20.5,picked_up
545,200,393,9,2025-09-23 06:33:44,6.1,cancelled
546,154,5,3,2025-03-29 05:41:16,81.2,picked_up
547,182,330,5,2025-04-18 06:42:51,36.2,picked_up
548,118,130,7,2025-03-27 01:51:20,69.3,picked_up
549,160,204,11,2025-08-16 07:48:54,23.2,picked_up
550,96,288,9,2025-09-09 17:39:57,60.0,picked_up
551,28,247,5,2025-01-26 03:00:16,16.3,picked_up
552,71,134,5,2025-09-13 03:28:40,32.7,picked_up
553,39,265,11,2025-10-25 14:44:18,15.5,picked_up
554,154,207,1,2025-09-14 20:35:19,33.2,picked_up
555,168,255,3,2025-04-26 03:14:05,89.3,picked_up
556,189,19,7,2025-08-15 18:10:29,37.1,picked_up
557,88,372,10,2025-10-05 09:05:01,41.2,picked_up
558,122,344,9,2025-05-20 13:26:07,40.1,picked_up
559,143,93,3,2025-04-25 10:15:57,102.5,picked_up
560,186,287,3,2025-10-24 14:54:47,91.5,picked_up
561,168,46,11,2025-03-28 15:33:10,36.5,picked_up
562,108,170,12,2025-05-25 16:19:52,43.8,picked_up
563,31,241,5,2025-01-22 04:18:19,24.3,picked_up
564,159,37,10,2025-07-03 17:24:23,29.9,picked_up
565,175,196,9,2025-07-26 02:27:10,11.6,picked_up
566,39,71,1,2025-03-20 02:53:58,35.5,picked_up
567,118,74,10,2025-05-04 04:54:27,44.9,picked_up
568,125,171,3,2025-09-03 09:39:06,95.7,picked_up
569,2,232,6,2025-04-17 13:27:52,79.8,picked_up
570,41,251,3,2025-11-02 06:41:45,73.4,picked_up
571,112,325,2,2025-06-17 02:23:19,17.3,picked_up
572,10,274,8,2025-03-19 18:40:31,35.6,picked_up
573,194,272,1,2025-03-16 08:18:13,36.2,cancelled
574,64,116,1,2025-09-27 16:07:08,26.9,picked_up
575,99,258,5,2025-08-17 22:48:30,8.2,picked_up
576,77,149,2,2025-06-27 09:32:28,67.3,picked_up
577,112,352,10,2025-02-22 07:00:28,27.2,picked_up
578,49,85,8,2025-11-12 16:27:57,33.9,picked_up
579,34,109,4,2025-10-13 10:05:24,9.1,cancelled
580,94,365,9,2025-09-10 23:28:32,14.3,picked_up
581,66,395,7,2025-07-28 00:04:36,71.1,picked_up
582,170,56,10,2025-09-12 03:41:30,49.7,picked_up
583,107,228,1,2025-05-29 00:13:19,29.1,picked_up
584,40,106,5,2025-09-28 07:39:33,24.8,picked_up
585,170,52,1,2025-09-15 14:47:19,15.5,picked_up
586,36,215,10,2025-02-11 01:52:17,31.1,picked_up
587,30,55,10,2025-07-13 15:15:51,7.7,picked_up
588,134,104,4,2025-05-20 08:04:23,24.0,picked_up
589,141,255,5,2025-03-22 23:50:53,9.7,picked_up
590,1,7,8,2025-09-19 04:04:28,31.8,picked_up
591,172,253,2,2025-02-28 06:07:38,68.1,picked_up
592,186,52,9,2025-04-10 17:05:14,9.1,picked_up
593,76,136,8,2025-06-30 15:22:43,79.2,picked_up
594,75,185,3,2025-11-08 15:25:01,106.2,picked_up
595,25,389,7,2025-01-19 03:43:02,61.2,cancelled
596,44,169,3,2025-05-20 04:23:48,83.0,picked_up
597,188,48,10,2025-05-26 01:05:24,14.9,picked_up
598,103,234,3,2025-04-16 21:40:04,22.5,picked_up
599,108,333,12,2025-11-06 19:44:07,42.8,picked_up
600,16,82,3,2025-02-10 14:40:34,86.6,picked_up
601,146,348,10,2025-06-20 11:58:24,25.2,picked_up
602,157,15,7,2025-09-24 03:40:05,64.1,picked_up
603,34,248,12,2025-07-09 21:38:02,48.7,picked_up
604,17,134,7,2025-09-12 16:47:46,39.7,picked_up
605,135,393,12,2025-10-17 03:04:34,43.7,picked_up
606,172,174,10,2025-07-21 22:21:34,12.8,picked_up
607,111,339,12,2025-10-10 12:53:14,31.7,picked_up
608,165,198,6,2025-02-28 01:33:35,83.0,picked_up
609,157,28,9,2025-01-05 20:32:16,54.1,picked_up
610,121,254,3,2025-03-06 13:40:33,65.6,picked_up
611,85,143,8,2025-01-20 21:18:09,31.1,picked_up
612,104,121,9,2025-01-31 22:45:15,40.4,picked_up
613,128,229,10,2025-05-04 01:54:25,23.5,picked_up
614,5,53,8,2025-06-07 00:19:48,61.7,picked_up
615,24,310,9,2025-08-29 18:06:53,35.2,picked_up
616,168,344,9,2025-06-27 12:09:57,35.9,picked_up
617,58,233,6,2025-05-10 06:12:32,100.8,picked_up
618,184,337,10,2025-05-22 10:09:02,30.8,picked_up
619,169,114,2,2025-01-02 04:28:37,15.0,picked_up
620,75,281,11,2025-07-23 01:15:13,38.8,picked_up
621,43,253,2,2025-02-24 21:04:52,11.3,picked_up
622,28,131,12,2025-08-26 13:33:04,36.6,picked_up
623,101,111,2,2025-06-27 19:58:39,75.0,picked_up
624,28,388,4,2025-06-11 07:08:37,22.4,picked_up
625,151,64,11,2025-10-28 04:54:52,34.3,picked_up
626,130,69,8,2025-07-14 01:25:11,55.4,cancelled
627,111,300,12,2025-07-07 21:15:07,4.3,picked_up
628,45,375,3,2025-11-13 22:37:34,86.1,picked_up
629,156,165,7,2025-07-16 02:38:48,55.3,picked_up
630,178,391,7,2025-04-07 17:45:11,78.5,picked_up
631,116,69,6,2025-02-23 23:55:51,116.8,picked_up
632,132,154,12,2025-09-30 18:24:03,44.5,picked_up
633,142,324,6,2025-03-26 17:46:46,88.3,picked_up
634,176,177,10,2025-09-19 10:58:38,36.3,picked_up
635,46,258,12,2025-07-31 00:23:13,33.2,picked_up
636,195,181,6,2025-08-07 16:49:53,88.1,picked_up
637,182,214,10,2025-09-20 04:24:17,47.2,picked_up
638,109,7,9,2025-07-23 08:11:47,20.7,picked_up
639,172,29,7,2025-03-19 23:13:32,18.5,picked_up
640,175,129,3,2025-02-27 04:48:41,118.2,picked_up
641,53,386,12,2025-07-30 12:05:22,39.6,picked_up
642,173,379,8,2025-08-07 13:08:51,15.4,picked_up
643,100,122,12,2025-07-18 18:08:27,33.1,picked_up
644,171,25,12,2025-05-29 12:36:28,15.8,picked_up
645,142,28,11,2025-01-06 08:50:41,15.9,picked_up
646,200,227,4,2025-03-29 22:15:51,19.8,picked_up
647,95,387,12,2025-08-17 20:08:55,36.1,picked_up
648,186,100,10,2025-04-25 13:56:06,11.4,picked_up
649,45,377,11,2025-07-19 21:23:59,7.6,picked_up
650,143,136,1,2025-02-20 20:18:28,20.0,picked_up
651,120,364,5,2025-03-02 10:53:37,2.3,picked_up
652,199,321,6,2025-08-28 09:53:19,75.7,picked_up
653,147,282,5,2025-05-20 09:35:58,25.5,picked_up
654,57,95,12,2025-07-22 12:24:08,17.3,picked_up
655,140,275,9,2025-06-07 00:07:10,13.8,picked_up
656,170,170,4,2025-05-09 21:45:49,26.9,picked_up
657,159,272,4,2025-07-04 17:59:23,28.7,picked_up
658,172,178,11,2025-06-23 09:55:11,5.3,picked_up
659,160,125,11,2025-01-16 19:40:58,26.5,picked_up
660,30,198,6,2025-04-10 23:35:50,52.0,picked_up
661,133,395,5,2025-05-26 22:51:44,3.2,picked_up
662,12,152,9,2025-09-11 08:40:58,29.5,picked_up
663,25,86,9,2025-10-28 15:51:03,9.5,picked_up
664,54,344,1,2025-09-02 19:30:00,26.9,picked_up
665,27,106,11,2025-07-29 04:13:57,19.8,picked_up
666,166,37,12,2025-10-18 09:31:37,39.2,picked_up
667,85,20,1,2025-02-04 07:45:14,21.1,picked_up
668,143,37,3,2025-08-12 15:02:13,97.4,picked_up
669,116,323,5,2025-06-07 09:43:43,21.6,picked_up
670,31,274,1,2025-01-03 14:58:55,18.6,picked_up
671,191,300,10,2025-01-19 00:14:52,5.0,picked_up
672,129,55,2,2025-04-23 21:28:22,33.8,picked_up
673,73,392,5,2025-06-20 07:26:14,31.1,picked_up
674,41,274,11,2025-03-27 17:17:49,6.1,picked_up
675,140,152,7,2025-09-04 13:44:02,65.4,picked_up
676,187,332,11,2025-05-26 05:49:42,36.0,picked_up
677,143,73,1,2025-02-18 04:38:05,24.4,picked_up
678,138,281,10,2025-02-03 09:26:23,30.6,picked_up
679,186,177,12,2025-03-24 13:31:52,37.6,picked_up
680,37,83,11,2025-03-13 18:56:11,34.8,picked_up
681,47,344,5,2025-11-07 21:22:18,11.3,picked_up
682,141,237,1,2025-09-08 16:48:07,34.8,picked_up
683,65,51,5,2025-03-19 00:03:55,34.2,picked_up
684,92,66,8,2025-09-19 00:55:41,76.5,picked_up
685,18,100,2,2025-05-04 17:58:46,28.5,picked_up
686,79,356,6,2025-08-16 04:51:30,77.8,picked_up
687,81,220,10,2025-03-07 19:50:03,19.5,cancelled
688,183,379,4,2025-09-07 05:02:53,24.2,picked_up
689,188,170,6,2025-07-06 17:29:42,24.8,picked_up
690,125,283,6,2025-02-12 14:23:37,95.2,picked_up
691,72,72,10,2025-07-29 12:17:02,5.9,picked_up
692,20,373,12,2025-01-30 14:46:42,44.5,picked_up
693,149,297,9,2025-06-07 16:07:36,39.7,picked_up
694,142,134,4,2025-07-31 09:30:04,27.5,picked_up
695,199,77,9,2025-05-23 09:40:36,31.0,picked_up
696,75,69,10,2025-06-30 19:19:42,37.2,picked_up
697,129,6,2,2025-09-15 16:36:40,36.6,picked_up
698,194,264,10,2025-02-24 20:20:58,34.8,picked_up
699,145,338,3,2025-02-27 02:40:26,72.3,picked_up
700,11,113,8,2025-10-24 01:26:13,75.6,picked_up
701,60,22,2,2025-09-17 23:40:10,27.0,picked_up
702,117,24,6,2025-01-16 19:56:19,52.7,picked_up
703,134,325,6,2025-04-17 13:09:39,21.4,picked_up
704,146,90,5,2025-05-27 14:43:17,29.8,picked_up
705,20,265,6,2025-04-09 00:57:19,74.6,picked_up
706,91,177,4,2025-07-09 09:52:43,16.9,picked_up
707,36,226,10,2025-03-06 15:33:29,2.3,picked_up
708,55,77,9,2025-03-14 22:05:13,40.4,picked_up
709,31,339,10,2025-03-31 18:59:00,36.4,picked_up
710,124,346,6,2025-07-06 06:52:33,89.2,picked_up
711,106,12,10,2025-04-05 23:10:18,9.7,picked_up
712,35,323,10,2025-07-19 10:10:38,30.4,picked_up
713,43,133,10,2025-03-12 06:04:17,9.0,picked_up
714,145,327,7,2025-01-08 13:33:04,51.2,picked_up
715,73,44,12,2025-03-26 10:47:49,33.8,picked_up
716,44,113,8,2025-06-09 20:37:28,70.4,picked_up
717,47,320,10,2025-09-14 12:22:19,41.4,picked_up
718,88,233,3,2025-08-21 00:05:38,89.7,picked_up
719,34,56,4,2025-01-07 18:22:29,13.2,picked_up
720,39,311,9,2025-02-07 17:34:04,42.6,picked_up
721,137,258,10,2025-10-20 12:43:09,30.8,picked_up
722,155,277,8,2025-01-01 19:11:12,55.5,picked_up
723,134,216,11,2025-05-25 04:10:04,27.7,picked_up
724,59,247,12,2025-11-03 23:11:29,27.4,picked_up
725,190,390,6,2025-09-28 21:47:07,74.8,picked_up
726,123,393,7,2025-04-01 15:10:37,17.6,picked_up
727,140,210,2,2025-04-11 10:54:59,28.4,picked_up
728,2,296,12,2025-07-23 06:25:54,37.7,picked_up
729,53,353,1,2025-11-09 16:29:58,18.1,picked_up
730,110,334,6,2025-08-16 16:02:44,21.7,picked_up
731,94,314,9,2025-04-18 08:24:37,28.3,picked_up
732,106,283,7,2025-11-01 17:26:15,62.4,picked_up
733,143,248,3,2025-04-09 21:22:44,50.7,picked_up
734,181,204,10,2025-10-14 01:59:21,18.5,picked_up
735,59,229,11,2025-11-01 11:06:26,9.2,picked_up
736,131,206,3,2025-11-02 14:48:25,21.0,picked_up
737,176,362,9,2025-01-21 13:10:02,38.8,picked_up
738,24,75,11,2025-07-03 12:16:13,5.2,picked_up
739,68,114,7,2025-05-25 08:26:02,14.3,picked_up
740,103,315,1,2025-09-13 03:59:47,30.4,picked_up
741,15,397,12,2025-11-15 21:05:09,48.2,picked_up
742,52,337,8,2025-11-09 12:59:00,39.6,picked_up
743,154,262,4,2025-07-20 15:43:53,3.9,picked_up
744,10,185,10,2025-04-04 06:02:00,10.1,picked_up
745,71,400,3,2025-06-05 10:59:30,19.6,picked_up
746,52,266,7,2025-01-07 07:13:34,37.2,picked_up
747,141,146,2,2025-10-10 08:06:11,74.2,picked_up
748,71,116,10,2025-08-24 19:42:59,18.7,picked_up
749,148,3,8,2025-04-12 17:41:54,74.9,picked_up
750,19,258,9,2025-04-25 14:37:32,10.9,picked_up
751,66,276,2,2025-11-13 03:04:57,65.8,picked_up
752,97,289,5,2025-07-08 03:45:26,35.3,picked_up
753,118,349,6,2025-06-29 06:13:32,115.7,picked_up
754,67,35,1,2025-05-29 22:46:23,21.9,picked_up
755,59,162,4,2025-06-10 12:05:19,21.3,picked_up
756,180,135,9,2025-04-07 17:55:43,34.5,picked_up
757,88,39,7,2025-08-04 16:47:40,56.5,picked_up
758,56,294,8,2025-04-15 19:58:05,30.6,picked_up
759,49,256,12,2025-10-14 14:23:02,34.8,picked_up
760,68,106,12,2025-03-31 08:22:08,13.6,picked_up
761,92,80,4,2025-10-30 20:13:58,25.6,picked_up
762,170,253,2,2025-08-27 17:16:55,56.7,cancelled
763,124,191,9,2025-08-30 09:02:24,57.7,picked_up
764,126,94,10,2025-10-25 03:26:28,43.7,picked_up
765,193,296,5,2025-02-20 03:20:20,21.1,picked_up
766,139,17,7,2025-07-15 11:24:30,42.4,picked_up
767,118,62,11,2025-09-29 12:06:39,32.2,picked_up
768,4,346,6,2025-03-24 04:21:16,85.8,picked_up
769,157,133,2,2025-03-15 00:23:13,31.4,picked_up
770,157,176,4,2025-05-23 10:39:37,10.3,picked_up
771,180,386,7,2025-05-25 22:10:38,23.2,picked_up
772,47,293,7,2025-02-21 06:18:20,28.1,picked_up
773,26,370,11,2025-04-16 04:06:28,13.0,picked_up
774,98,101,9,2025-02-26 23:21:43,28.8,picked_up
775,3,91,12,2025-06-14 00:51:26,9.2,picked_up
776,185,162,11,2025-11-02 07:50:00,23.1,picked_up
777,146,25,5,2025-06-05 01:22:29,29.0,picked_up
778,66,244,3,2025-09-02 22:44:28,16.6,picked_up
779,93,185,12,2025-08-06 22:50:27,18.1,picked_up
780,106,63,5,2025-05-17 16:24:01,18.5,picked_up
781,148,333,10,2025-09-10 10:20:20,11.5,picked_up
782,173,262,5,2025-07-09 15:46:15,19.0,picked_up
783,98,315,8,2025-04-22 14:35:35,72.1,picked_up
784,164,173,3,2025-06-14 03:36:52,105.5,picked_up
785,19,41,10,2025-03-05 05:56:40,21.4,picked_up
786,75,364,6,2025-04-15 05:01:24,44.9,picked_up
787,114,400,7,2025-05-22 08:56:29,27.5,picked_up
788,106,86,9,2025-03-13 17:56:36,58.1,picked_up
789,170,129,3,2025-10-17 05:25:14,90.1,picked_up
790,102,53,2,2025-02-07 10:37:30,23.2,picked_up
791,7,395,8,2025-06-04 12:25:29,47.5,picked_up
792,159,80,2,2025-02-03 01:50:16,15.5,picked_up
793,64,378,7,2025-04-21 16:42:20,30.3,picked_up
794,44,15,3,2025-01-14 23:40:05,24.4,picked_up
795,120,277,6,2025-04-17 03:05:11,105.1,picked_up
796,179,277,3,2025-03-11 02:06:03,116.6,picked_up
797,163,289,8,2025-06-19 06:16:58,53.4,picked_up
798,89,247,11,2025-07-29 22:04:17,23.7,picked_up
799,94,212,2,2025-04-12 05:34:37,39.8,picked_up
800,195,70,1,2025-05-14 21:14:23,5.0,picked_up
801,126,387,9,2025-07-05 14:35:14,5.5,picked_up
802,153,119,7,2025-11-06 18:24:37,65.5,cancelled
803,144,224,6,2025-06-03 15:21:21,30.7,picked_up
804,100,194,12,2025-03-28 00:04:13,37.4,picked_up
805,133,392,7,2025-11-08 00:09:32,53.0,picked_up
806,73,333,12,2025-10-16 20:34:49,34.9,picked_up
807,18,94,5,2025-02-23 09:25:41,21.8,picked_up
808,116,140,11,2025-09-30 08:52:40,20.9,picked_up
809,39,26,4,2025-07-28 02:17:19,11.7,cancelled
810,33,367,2,2025-06-20 14:20:21,28.3,picked_up
811,4,253,4,2025-03-26 16:20:22,5.4,picked_up
812,128,191,5,2025-06-30 09:51:08,39.7,picked_up
813,193,75,1,2025-01-23 02:18:54,16.6,picked_up
814,121,93,7,2025-03-16 23:21:43,13.1,picked_up
815,4,63,5,2025-10-26 15:38:11,41.2,picked_up
816,114,127,7,2025-10-14 19:06:26,63.5,picked_up
817,198,49,4,2025-07-22 17:22:07,15.4,picked_up
818,175,160,4,2025-05-06 19:10:01,15.8,picked_up
819,141,267,12,2025-02-17 18:26:29,4.0,picked_up
820,93,27,11,2025-09-17 06:02:44,15.5,picked_up
821,112,167,2,2025-01-07 04:26:28,25.0,picked_up
822,102,125,5,2025-01-04 19:13:56,30.1,picked_up
823,122,353,10,2025-08-20 21:06:04,39.6,picked_up
824,128,47,2,2025-09-24 17:28:02,25.9,picked_up
825,92,331,11,2025-03-02 02:37:25,7.1,picked_up
826,60,163,2,2025-08-06 04:12:11,17.1,picked_up
827,113,376,6,2025-03-17 06:34:01,98.6,cancelled
828,35,129,7,2025-01-16 16:03:35,33.8,picked_up
829,139,357,8,2025-07-10 15:59:18,48.2,picked_up
830,83,375,3,2025-07-02 05:45:18,69.8,picked_up
831,142,83,10,2025-01-28 01:58:34,45.9,picked_up
832,68,278,8,2025-05-23 21:44:18,29.3,picked_up
833,188,95,11,2025-01-08 14:28:54,22.7,picked_up
834,62,165,6,2025-10-08 08:14:25,95.4,picked_up
835,49,269,9,2025-09-23 16:06:39,50.0,picked_up
836,73,166,9,2025-06-09 11:39:18,13.5,picked_up
837,169,35,2,2025-01-18 08:02:01,14.9,picked_up
838,9,104,3,2025-02-11 21:49:35,29.7,picked_up
839,165,199,2,2025-09-13 20:16:14,10.3,picked_up
840,66,26,10,2025-05-23 14:40:01,35.7,picked_up
841,54,336,12,2025-07-11 04:13:52,5.4,picked_up
842,164,32,2,2025-05-21 12:04:28,41.7,picked_up
843,182,30,7,2025-11-17 04:54:31,67.2,picked_up
844,19,156,9,2025-01-31 14:24:37,7.2,picked_up
845,186,119,9,2025-07-26 19:26:24,10.3,picked_up
846,64,292,4,2025-09-01 04:27:06,17.2,picked_up
847,107,383,9,2025-02-11 07:27:48,46.2,picked_up
848,118,360,10,2025-09-16 16:30:29,19.2,picked_up
849,47,282,2,2025-06-06 06:47:02,20.0,picked_up
850,154,227,11,2025-05-18 03:53:54,10.5,picked_up
851,84,191,9,2025-06-10 11:19:04,59.5,picked_up
852,83,312,7,2025-04-04 19:41:48,67.5,picked_up
853,141,382,4,2025-04-10 00:16:56,13.1,picked_up
854,102,1,8,2025-10-10 09:43:49,40.2,picked_up
855,133,70,5,2025-04-28 13:22:05,30.6,cancelled
856,81,12,4,2025-10-27 23:06:58,8.8,picked_up
857,142,262,12,2025-08-05 09:18:25,41.5,picked_up
858,10,236,10,2025-05-19 10:57:06,9.4,picked_up
859,150,128,5,2025-04-01 19:39:46,19.6,picked_up
860,103,292,5,2025-03-26 18:39:44,6.4,picked_up
861,124,89,12,2025-07-09 23:03:57,17.6,picked_up
862,25,305,12,2025-09-07 18:14:49,35.7,picked_up
863,98,41,12,2025-10-31 07:15:47,40.8,picked_up
864,112,214,6,2025-02-17 03:31:08,48.3,picked_up
865,155,6,4,2025-09-04 12:15:21,23.2,picked_up
866,135,22,7,2025-05-05 08:14:45,11.9,picked_up
867,179,114,3,2025-03-01 19:54:14,46.0,picked_up
868,115,386,12,2025-08-20 11:02:02,49.9,picked_up
869,75,202,2,2025-02-27 19:34:32,24.0,picked_up
870,191,26,2,2025-08-02 05:09:02,42.3,picked_up
871,112,397,2,2025-09-29 08:37:28,36.7,picked_up
872,51,250,3,2025-06-03 20:38:17,62.9,picked_up
873,189,269,4,2025-04-06 23:10:39,18.2,picked_up
874,83,351,5,2025-08-13 00:52:44,39.3,picked_up
875,94,179,11,2025-03-16 07:29:35,19.5,picked_up
876,198,157,10,2025-03-08 01:34:24,33.5,picked_up
877,114,320,10,2025-02-26 23:07:36,41.4,picked_up
878,96,80,4,2025-10-22 14:35:26,8.4,picked_up
879,14,125,2,2025-08-30 12:09:44,16.1,picked_up
880,178,57,5,2025-04-29 19:54:22,2.7,picked_up
881,190,276,1,2025-03-24 14:49:15,16.6,picked_up
882,141,248,9,2025-08-31 07:10:20,46.3,picked_up
883,172,10,3,2025-05-27 14:13:42,86.5,picked_up
884,66,88,11,2025-01-24 16:15:58,23.4,picked_up
885,14,239,12,2025-09-12 14:47:08,31.7,picked_up
886,70,340,2,2025-09-14 16:34:53,36.0,picked_up
887,167,198,2,2025-04-01 02:38:51,9.4,picked_up
888,26,162,9,2025-07-08 13:22:43,58.7,picked_up
889,51,257,9,2025-06-28 04:44:28,9.8,picked_up
890,64,272,12,2025-04-29 18:07:49,3.0,picked_up
891,5,178,7,2025-09-24 02:14:38,61.6,picked_up
892,129,142,11,2025-11-12 15:23:23,15.6,picked_up
893,8,285,5,2025-04-20 03:35:45,44.2,picked_up
894,169,71,6,2025-02-04 10:18:31,108.7,picked_up
895,157,321,9,2025-09-24 22:51:39,57.8,picked_up
896,110,160,4,2025-08-24 10:26:49,18.5,picked_up
897,168,71,9,2025-08-14 23:35:55,12.2,picked_up
898,80,353,4,2025-10-02 04:20:50,26.3,picked_up
899,198,75,3,2025-09-13 04:31:23,57.3,picked_up
900,143,273,3,2025-10-07 17:40:17,44.9,picked_up
901,38,373,6,2025-01-12 18:48:16,102.3,picked_up
902,78,227,7,2025-10-17 21:35:10,77.2,picked_up
903,71,78,11,2025-10-30 21:48:42,37.7,picked_up
904,196,314,3,2025-08-28 22:21:29,30.3,picked_up
905,153,119,10,2025-04-01 00:15:33,31.4,picked_up
906,200,245,6,2025-02-22 09:46:40,18.7,picked_up
907,167,192,10,2025-03-13 18:47:06,24.5,picked_up
908,42,99,8,2025-03-30 05:01:04,42.1,picked_up
909,106,114,1,2025-10-16 15:21:31,37.4,picked_up
910,17,91,4,2025-06-20 22:26:05,23.5,picked_up
911,118,127,8,2025-06-16 09:06:28,57.5,picked_up
912,98,369,1,2025-05-02 20:24:57,26.3,picked_up
913,138,269,12,2025-09-07 10:13:25,29.5,picked_up
914,116,234,1,2025-01-17 19:20:41,23.2,picked_up
915,102,377,4,2025-01-16 13:51:05,17.0,picked_up
916,13,98,9,2025-04-24 09:59:18,47.1,picked_up
917,74,237,5,2025-03-06 23:46:03,39.1,picked_up
918,177,265,10,2025-02-25 13:46:09,46.1,picked_up
919,185,257,11,2025-02-14 06:50:08,20.8,picked_up
920,179,280,10,2025-02-22 21:08:58,47.0,picked_up
921,46,233,6,2025-08-18 14:08:20,59.6,picked_up
922,24,129,4,2025-05-07 04:35:45,26.8,picked_up
923,184,376,12,2025-02-18 07:30:56,40.2,picked_up
924,93,44,12,2025-07-23 18:19:52,23.6,picked_up
925,131,314,12,2025-03-04 10:22:22,40.0,picked_up
926,44,172,7,2025-08-08 22:45:48,11.2,picked_up
927,38,92,3,2025-10-27 01:03:39,27.8,picked_up
928,187,394,7,2025-06-23 15:25:41,30.2,picked_up
929,34,104,3,2025-01-02 16:55:44,22.9,picked_up
930,128,256,5,2025-07-31 09:47:52,2.6,picked_up
931,61,112,10,2025-08-18 00:35:40,44.4,picked_up
932,21,308,8,2025-08-22 09:21:25,37.5,cancelled
933,161,286,9,2025-11-15 20:05:07,20.3,picked_up
934,15,335,1,2025-05-16 21:06:02,11.5,picked_up
935,155,153,1,2025-05-09 22:10:44,28.3,picked_up
936,46,83,1,2025-09-19 08:20:14,8.8,picked_up
937,153,294,11,2025-11-03 02:14:18,29.2,picked_up
938,93,19,8,2025-02-06 11:59:59,62.0,picked_up
939,98,35,6,2025-10-22 21:11:30,50.5,picked_up
940,121,69,9,2025-02-17 17:20:20,8.6,picked_up
941,106,269,5,2025-03-23 19:54:02,17.8,picked_up
942,147,374,10,2025-09-02 14:30:19,4.8,picked_up
943,177,310,2,2025-11-03 10:24:54,42.8,picked_up
944,82,133,5,2025-07-24 09:00:04,22.5,picked_up
945,34,315,10,2025-08-07 20:07:55,19.0,picked_up
946,127,93,12,2025-08-26 00:04:24,32.3,picked_up
947,1,61,5,2025-01-10 15:34:23,49.0,picked_up
948,54,316,2,2025-06-11 08:39:04,61.1,picked_up
949,164,109,6,2025-01-05 17:17:53,48.5,picked_up
950,18,158,12,2025-04-27 22:50:58,15.5,picked_up
951,30,352,6,2025-05-10 18:25:18,94.4,picked_up
952,8,90,12,2025-03-17 16:21:22,29.3,picked_up
953,123,243,6,2025-11-06 22:56:58,111.5,picked_up
954,161,236,3,2025-07-28 20:54:00,63.0,picked_up
955,106,381,8,2025-01-23 02:09:55,64.4,picked_up
956,174,162,5,2025-08-04 22:37:35,29.1,picked_up
957,85,182,4,2025-01-27 01:09:00,18.6,picked_up
958,87,193,5,2025-09-01 15:30:15,42.4,picked_up
959,100,96,3,2025-08-20 11:35:25,72.8,picked_up
960,81,364,5,2025-01-13 14:47:46,35.9,picked_up
961,61,191,2,2025-06-25 20:04:20,43.8,picked_up
962,78,90,5,2025-02-13 22:04:16,12.4,picked_up
963,24,228,1,2025-07-16 20:12:44,32.2,cancelled
964,40,98,8,2025-05-13 10:06:35,73.2,picked_up
965,80,398,12,2025-05-08 11:00:39,43.9,picked_up
966,133,347,2,2025-02-21 21:00:48,67.2,picked_up
967,183,268,1,2025-02-15 07:40:10,21.1,cancelled
968,153,45,1,2025-05-10 18:29:08,29.0,picked_up
969,197,338,1,2025-10-17 21:04:25,8.6,picked_up
970,164,108,10,2025-05-05 22:49:18,38.4,picked_up
971,82,396,5,2025-06-21 15:29:44,15.3,picked_up
972,71,59,5,2025-01-07 06:12:10,9.2,picked_up
973,53,278,9,2025-05-17 09:12:06,33.3,picked_up
974,181,146,5,2025-08-12 06:50:27,8.8,picked_up
975,87,277,2,2025-06-22 15:05:44,30.4,picked_up
976,173,26,1,2025-02-11 11:18:37,21.5,picked_up
977,46,361,2,2025-08-20 20:15:13,38.7,picked_up
978,180,229,11,2025-08-28 16:28:31,34.3,picked_up
979,183,389,6,2025-09-18 20:57:50,99.9,picked_up
980,194,392,2,2025-07-01 04:35:43,78.1,picked_up
981,179,240,2,2025-02-08 02:33:24,66.5,picked_up
982,197,239,11,2025-07-03 01:48:19,27.6,picked_up
983,158,133,4,2025-05-22 11:35:36,6.9,picked_up
984,85,167,12,2025-06-26 08:54:15,46.0,picked_up
985,90,246,2,2025-06-29 11:05:02,42.2,picked_up
986,155,295,5,2025-02-19 19:23:53,38.9,picked_up
987,28,167,7,2025-08-05 07:41:32,66.9,picked_up
988,103,303,5,2025-06-10 21:33:28,27.6,picked_up
989,124,197,4,2025-01-26 23:43:23,17.8,picked_up
990,112,291,12,2025-11-03 02:25:02,30.4,picked_up
991,170,343,12,2025-01-31 14:01:42,13.3,picked_up
992,125,59,12,2025-08-19 07:21:37,29.6,picked_up
993,114,91,6,2025-04-30 23:06:03,71.1,picked_up
994,176,306,2,2025-10-27 21:26:28,51.1,picked_up
995,170,32,6,2025-02-05 11:49:43,64.4,picked_up
996,194,326,3,2025-11-11 20:15:00,107.6,cancelled
997,116,273,3,2025-04-24 13:00:26,82.7,picked_up
998,53,349,10,2025-05-04 06:54:16,23.5,picked_up
999,112,368,11,2025-05-15 00:46:43,15.7,picked_up
1000,131,207,10,2025-02-19 20:54:18,2.4,picked_up
1001,141,28,1,2025-01-01 15:51:36,17.9,picked_up
1002,73,16,6,2025-04-02 16:36:23,22.1,picked_up
1003,82,365,10,2025-05-29 23:51:28,20.9,picked_up
1004,170,89,7,2025-07-04 18:07:20,47.2,picked_up
1005,93,214,9,2025-03-02 05:52:31,26.2,picked_up
1006,3,37,11,2025-09-10 03:25:32,9.4,cancelled
1007,169,224,12,2025-02-23 01:31:18,44.5,picked_up
1008,117,357,11,2025-08-24 01:41:28,33.2,picked_up
1009,131,218,10,2025-08-03 17:28:45,10.6,picked_up
1010,48,218,7,2025-08-24 03:01:52,33.6,cancelled
1011,61,365,8,2025-07-15 04:27:05,69.0,picked_up
1012,9,20,9,2025-08-09 23:32:16,36.7,picked_up
1013,124,354,6,2025-02-01 10:14:32,22.4,picked_up
1014,193,399,12,2025-04-19 20:23:11,27.3,picked_up
1015,157,46,2,2025-04-06 13:43:17,45.7,picked_up
1016,172,40,12,2025-09-24 00:01:55,33.9,picked_up
1017,14,176,10,2025-07-28 02:52:17,17.0,picked_up
1018,121,294,8,2025-10-13 07:38:50,40.7,picked_up
1019,76,149,6,2025-03-07 09:17:21,115.7,picked_up
1020,187,289,10,2025-04-12 11:30:21,38.0,picked_up
1021,147,27,8,2025-09-13 05:20:40,49.6,picked_up
1022,74,249,12,2025-02-02 09:03:01,32.0,picked_up
1023,72,130,2,2025-02-21 19:21:02,69.3,picked_up
1024,4,380,5,2025-02-13 15:42:56,43.2,picked_up
1025,169,229,10,2025-05-24 22:28:35,37.5,picked_up
1026,61,249,5,2025-03-12 13:15:49,39.6,picked_up
1027,22,75,1,2025-08-20 14:52:23,17.0,picked_up
1028,193,212,3,2025-10-27 12:20:53,102.1,picked_up
1029,164,86,11,2025-03-24 05:19:38,20.4,picked_up
1030,68,387,6,2025-11-15 14:34:57,16.0,picked_up
1031,122,155,3,2025-07-05 07:07:23,61.0,picked_up
1032,175,362,9,2025-06-01 19:43:13,17.9,picked_up
1033,112,7,3,2025-04-23 11:44:18,68.3,picked_up
1034,81,272,8,2025-09-23 12:52:06,35.5,picked_up
1035,164,182,2,2025-06-18 00:32:09,74.1,picked_up
1036,86,139,11,2025-04-15 01:26:19,35.0,picked_up
1037,101,237,5,2025-10-28 14:17:23,33.4,picked_up
1038,151,395,4,2025-03-18 00:50:20,22.8,picked_up
1039,47,161,11,2025-08-02 00:07:08,29.2,cancelled
1040,4,211,1,2025-02-08 06:37:06,34.1,picked_up
1041,57,372,11,2025-04-21 08:31:10,20.6,picked_up
1042,24,30,1,2025-08-20 01:46:22,5.8,picked_up
1043,164,63,4,2025-10-03 07:44:17,28.7,picked_up
1044,34,193,2,2025-09-13 06:02:28,69.7,picked_up
1045,48,57,11,2025-09-28 11:57:42,24.8,picked_up
1046,20,328,5,2025-06-26 10:24:07,24.4,picked_up
1047,178,342,5,2025-10-27 07:48:23,38.9,picked_up
1048,19,142,5,2025-10-30 03:09:08,9.8,picked_up
1049,16,133,7,2025-11-12 23:51:11,32.0,picked_up
1050,52,313,8,2025-06-02 19:37:05,13.0,picked_up
1051,139,394,8,2025-06-17 19:34:28,15.8,picked_up
1052,114,367,11,2025-04-11 22:01:12,8.7,picked_up
1053,187,129,2,2025-10-30 04:22:31,13.1,picked_up
1054,164,1,8,2025-01-16 00:39:13,18.7,picked_up
1055,85,201,5,2025-08-12 12:02:07,9.3,cancelled
1056,126,245,12,2025-06-19 16:21:07,47.1,picked_up
1057,18,277,12,2025-03-30 01:02:42,39.5,cancelled
1058,124,63,12,2025-08-09 15:05:46,41.3,picked_up
1059,78,206,6,2025-01-22 18:27:05,46.7,picked_up
1060,137,175,11,2025-02-01 13:54:41,8.2,picked_up
1061,46,284,5,2025-01-16 14:35:35,33.1,picked_up
1062,179,200,11,2025-02-11 19:09:00,11.7,picked_up
1063,162,225,6,2025-10-13 21:43:05,63.5,picked_up
1064,185,304,1,2025-04-03 22:50:33,11.8,picked_up
1065,165,158,2,2025-07-14 09:23:37,65.1,picked_up
1066,5,19,8,2025-05-13 02:21:59,77.6,picked_up
1067,31,109,12,2025-11-10 18:45:06,4.1,picked_up
1068,174,275,9,2025-02-28 04:20:54,30.2,picked_up
1069,10,377,4,2025-02-25 07:43:07,28.0,picked_up
1070,159,24,1,2025-04-05 13:57:55,21.5,picked_up
1071,162,26,3,2025-04-30 16:35:29,11.6,picked_up
1072,44,303,2,2025-01-26 04:07:41,40.8,picked_up
1073,153,316,2,2025-03-27 23:53:05,16.2,picked_up
1074,189,348,4,2025-06-06 10:59:30,14.5,picked_up
1075,36,165,11,2025-11-05 08:14:36,25.2,picked_up
1076,86,33,1,2025-02-17 05:25:46,25.8,picked_up
1077,95,284,7,2025-03-06 09:58:06,20.1,picked_up
1078,26,324,10,2025-08-27 04:22:06,4.0,picked_up
1079,125,42,3,2025-01-03 19:10:56,11.7,cancelled
1080,152,146,2,2025-06-11 23:28:20,58.9,picked_up
1081,53,74,8,2025-09-06 19:36:28,57.8,picked_up
1082,45,313,8,2025-09-26 22:51:53,37.7,picked_up
1083,157,46,3,2025-09-01 21:50:59,88.9,picked_up
1084,2,286,5,2025-04-02 20:18:53,18.7,picked_up
1085,159,186,9,2025-10-23 22:13:45,58.7,picked_up
1086,198,321,9,2025-09-14 09:22:28,17.1,picked_up
1087,39,351,1,2025-07-04 13:50:53,11.8,picked_up
1088,12,28,3,2025-09-08 18:32:19,83.7,picked_up
1089,86,316,4,2025-11-10 00:34:34,14.7,picked_up
1090,190,27,8,2025-07-29 00:33:51,11.1,picked_up
1091,30,37,1,2025-04-02 17:09:12,22.0,picked_up
1092,108,102,10,2025-10-18 11:21:11,29.8,picked_up
1093,29,167,6,2025-03-30 19:04:57,35.3,picked_up
1094,52,193,12,2025-03-28 00:43:33,21.8,picked_up
1095,112,75,10,2025-03-26 06:48:19,25.3,picked_up
1096,96,70,8,2025-06-28 02:26:52,20.8,picked_up
1097,70,104,11,2025-05-11 18:44:03,17.6,picked_up
1098,72,70,12,2025-02-13 11:36:48,29.3,picked_up
1099,195,176,8,2025-03-27 17:11:01,38.1,picked_up
1100,164,314,10,2025-03-08 07:54:48,9.5,picked_up
1101,23,211,9,2025-07-22 23:14:15,52.0,picked_up
1102,119,143,4,2025-01-06 23:11:08,19.0,picked_up
1103,64,168,12,2025-06-18 23:29:29,43.9,picked_up
1104,147,3,10,2025-06-12 13:54:57,47.4,picked_up
1105,188,394,1,2025-07-16 03:38:12,39.7,picked_up
1106,179,51,9,2025-06-26 01:03:33,26.7,picked_up
1107,4,355,2,2025-10-12 12:44:33,48.2,picked_up
1108,76,123,4,2025-09-09 20:26:38,6.6,picked_up
1109,79,83,1,2025-10-01 11:16:22,21.8,picked_up
1110,7,233,10,2025-06-30 10:33:44,37.9,picked_up
1111,95,321,12,2025-06-30 15:33:01,21.5,picked_up
1112,19,198,1,2025-09-26 14:15:45,35.1,picked_up
1113,193,139,1,2025-09-29 10:20:38,15.4,picked_up
1114,54,351,9,2025-02-01 18:35:34,36.6,picked_up
1115,15,264,6,2025-09-20 08:13:17,90.9,picked_up
1116,94,239,1,2025-08-29 18:44:31,8.9,picked_up
1117,144,361,6,2025-01-27 08:32:25,29.3,picked_up
1118,86,123,4,2025-07-29 21:45:06,6.7,picked_up
1119,193,298,8,2025-10-01 06:58:38,61.1,picked_up
1120,83,181,12,2025-04-15 03:57:20,38.5,picked_up
1121,17,191,7,2025-05-15 09:44:41,28.0,picked_up
1122,32,241,9,2025-10-04 00:03:04,34.0,picked_up
1123,116,318,9,2025-05-24 07:22:04,54.5,picked_up
1124,17,97,12,2025-06-28 03:41:46,40.8,picked_up
1125,74,40,7,2025-02-12 19:21:17,72.7,picked_up
1126,128,78,2,2025-03-21 15:48:19,58.2,picked_up
1127,107,350,11,2025-07-30 14:32:22,5.8,picked_up
1128,114,378,8,2025-09-08 16:53:40,33.0,cancelled
1129,60,267,4,2025-09-08 16:46:43,4.7,picked_up
1130,166,168,10,2025-07-09 03:13:53,18.5,picked_up
1131,141,228,12,2025-06-28 04:56:07,27.4,picked_up
1132,79,88,3,2025-11-03 20:30:29,108.8,picked_up
1133,74,395,8,2025-01-19 17:02:40,34.8,picked_up
1134,43,317,5,2025-03-04 18:40:13,23.9,picked_up
1135,45,363,5,2025-09-27 09:54:59,10.7,picked_up
1136,30,22,3,2025-05-04 07:10:00,27.7,picked_up
1137,48,106,8,2025-08-07 18:45:39,26.7,picked_up
1138,89,76,11,2025-05-26 03:49:08,16.1,picked_up
1139,32,13,3,2025-06-07 10:47:39,68.7,picked_up
1140,82,80,3,2025-01-03 00:01:32,114.3,picked_up
1141,85,332,9,2025-10-02 07:16:59,58.7,picked_up
1142,194,294,5,2025-09-17 07:50:39,48.5,picked_up
1143,114,174,10,2025-09-25 23:18:55,37.0,picked_up
1144,36,348,8,2025-08-03 07:19:09,72.8,picked_up
1145,57,229,1,2025-05-20 03:08:57,19.1,picked_up
1146,50,299,1,2025-07-24 18:43:08,26.3,picked_up
1147,22,276,5,2025-06-23 07:58:12,11.4,picked_up
1148,101,100,2,2025-07-10 19:28:06,78.3,picked_up
1149,15,342,10,2025-05-21 13:22:06,26.6,picked_up
1150,95,198,12,2025-05-26 03:02:17,43.0,cancelled
1151,115,288,6,2025-02-04 08:28:42,48.6,picked_up
1152,107,227,8,2025-04-23 10:15:50,61.4,picked_up
1153,109,374,12,2025-06-11 04:33:57,48.6,picked_up
1154,37,107,10,2025-04-29 02:19:08,30.7,picked_up
1155,17,303,9,2025-10-21 23:29:37,59.3,picked_up
1156,70,213,1,2025-03-10 06:07:15,19.3,picked_up
1157,36,103,12,2025-03-14 13:42:19,29.3,picked_up
1158,11,155,5,2025-08-16 14:32:10,28.6,picked_up
1159,58,14,9,2025-11-04 14:42:02,45.7,cancelled
1160,164,326,5,2025-07-03 20:24:10,16.4,picked_up
1161,107,92,11,2025-07-11 08:42:52,36.2,picked_up
1162,31,392,11,2025-04-18 23:51:00,13.6,picked_up
1163,93,298,2,2025-07-06 22:27:11,51.1,picked_up
1164,122,356,5,2025-11-15 02:55:47,32.1,picked_up
1165,5,133,9,2025-03-05 13:50:46,45.3,picked_up
1166,178,70,3,2025-05-20 03:04:26,45.2,picked_up
1167,163,183,5,2025-01-20 06:03:20,19.3,picked_up
1168,20,264,9,2025-03-17 14:29:06,40.1,picked_up
1169,154,386,3,2025-03-07 05:49:10,94.1,picked_up
1170,176,155,6,2025-04-16 18:10:51,101.0,picked_up
1171,137,297,12,2025-05-17 21:25:23,19.4,picked_up
1172,73,191,1,2025-10-30 19:00:54,9.8,picked_up
1173,42,53,6,2025-03-26 22:45:12,111.3,picked_up
1174,144,315,4,2025-09-26 04:01:48,25.5,picked_up
1175,183,283,9,2025-10-01 01:34:59,51.5,picked_up
1176,20,60,2,2025-11-15 08:11:10,38.0,picked_up
1177,80,354,1,2025-05-22 03:23:02,21.8,picked_up
1178,153,268,8,2025-10-24 21:10:13,72.1,picked_up
1179,8,382,3,2025-11-13 16:22:51,88.1,picked_up
1180,37,353,3,2025-03-30 07:49:36,104.2,picked_up
1181,21,218,4,2025-09-26 14:53:30,6.5,picked_up
1182,199,248,2,2025-10-22 10:51:53,13.6,picked_up
1183,169,263,4,2025-08-19 16:48:09,5.9,picked_up
1184,12,34,2,2025-04-28 11:32:33,73.4,picked_up
1185,155,106,2,2025-08-17 12:51:26,64.3,picked_up
1186,8,47,3,2025-02-26 20:41:21,83.8,picked_up
1187,90,181,5,2025-03-04 16:30:10,47.5,picked_up
1188,130,292,12,2025-01-27 20:56:50,31.4,picked_up
1189,136,112,10,2025-10-06 07:50:52,38.6,picked_up
1190,194,276,5,2025-01-03 00:20:54,10.2,picked_up
1191,130,363,2,2025-07-04 16:40:09,74.5,picked_up
1192,173,55,10,2025-03-12 13:37:49,10.9,picked_up
1193,132,117,7,2025-06-08 14:54:07,38.5,picked_up
1194,29,267,6,2025-02-23 02:47:42,23.6,picked_up
1195,143,370,6,2025-01-17 02:29:57,87.5,picked_up
1196,73,234,8,2025-08-22 12:02:08,16.3,picked_up
1197,114,116,11,2025-08-04 10:52:13,39.2,picked_up
1198,18,244,7,2025-09-22 01:57:38,21.6,picked_up
1199,126,345,1,2025-02-11 04:16:22,40.0,picked_up
1200,22,62,9,2025-02-26 00:16:57,41.2,picked_up
1201,27,380,12,2025-03-07 20:36:51,30.3,picked_up
1202,153,207,4,2025-02-18 00:13:34,12.1,picked_up
1203,72,392,7,2025-10-05 10:14:39,60.2,picked_up
1204,165,205,10,2025-05-19 15:04:02,15.1,picked_up
1205,125,262,10,2025-04-19 15:26:56,47.6,picked_up
1206,65,251,8,2025-07-13 10:55:39,15.8,picked_up
1207,189,28,3,2025-01-27 19:56:14,13.3,picked_up
1208,98,310,1,2025-09-22 02:38:36,39.0,picked_up
1209,25,390,5,2025-01-31 01:11:33,31.9,picked_up
1210,120,104,9,2025-04-25 08:12:17,47.2,picked_up
1211,139,176,8,2025-11-11 16:54:55,44.3,picked_up
1212,196,17,9,2025-06-17 11:40:42,6.0,picked_up
1213,81,193,2,2025-06-22 04:55:20,35.6,picked_up
1214,169,400,1,2025-04-29 00:34:48,11.2,picked_up
1215,35,160,3,2025-10-06 07:01:25,64.1,picked_up
1216,126,338,2,2025-08-04 09:38:24,49.0,picked_up
1217,144,81,10,2025-07-17 02:38:49,24.6,picked_up
1218,97,316,5,2025-09-21 01:19:23,25.7,picked_up
1219,8,303,5,2025-01-18 20:32:04,17.4,picked_up
1220,190,299,6,2025-01-11 18:43:28,48.4,picked_up
1221,25,220,11,2025-05-15 08:57:58,16.9,picked_up
1222,170,126,7,2025-04-07 11:55:44,33.3,picked_up
1223,177,34,5,2025-04-29 17:59:24,30.4,picked_up
1224,84,20,3,2025-06-29 07:59:12,12.2,picked_up
1225,108,137,7,2025-01-09 06:09:46,48.9,picked_up
1226,82,194,10,2025-08-10 20:04:49,3.1,picked_up
1227,126,52,10,2025-09-26 15:19:07,6.7,picked_up
1228,196,342,6,2025-05-13 04:44:12,64.6,picked_up
1229,112,104,5,2025-07-13 07:55:32,19.4,picked_up
1230,138,110,2,2025-04-22 22:20:52,68.5,picked_up
1231,103,116,5,2025-08-31 21:26:08,49.8,picked_up
1232,149,49,2,2025-08-19 04:34:42,59.7,picked_up
1233,136,244,2,2025-06-16 04:54:55,48.8,picked_up
1234,78,259,2,2025-11-09 15:00:15,54.9,picked_up
1235,52,213,11,2025-06-06 13:43:00,23.9,picked_up
1236,196,281,9,2025-03-12 11:19:18,29.9,picked_up
1237,48,296,11,2025-07-14 04:54:54,29.6,picked_up
1238,69,327,12,2025-07-27 05:18:14,47.0,picked_up
1239,187,321,7,2025-01-24 14:08:15,75.3,picked_up
1240,62,78,6,2025-10-18 05:15:52,60.9,picked_up
1241,106,164,5,2025-01-26 08:30:29,42.5,picked_up
1242,74,331,7,2025-03-04 16:45:15,27.2,picked_up
1243,62,59,10,2025-02-28 13:44:58,13.3,picked_up
1244,80,238,4,2025-07-08 20:05:29,24.5,picked_up
1245,10,104,7,2025-03-04 05:19:43,38.4,picked_up
1246,72,338,1,2025-08-03 04:57:10,14.0,picked_up
1247,125,11,1,2025-01-22 19:41:15,38.7,picked_up
1248,77,33,2,2025-06-08 09:34:43,30.6,picked_up
1249,24,204,11,2025-10-09 14:21:15,28.0,picked_up
1250,189,257,4,2025-02-17 04:28:14,6.0,picked_up
1251,135,129,10,2025-07-13 03:15:34,47.6,picked_up
1252,198,161,4,2025-05-09 05:10:01,19.2,picked_up
1253,192,381,12,2025-04-02 23:06:08,20.7,picked_up
1254,45,110,4,2025-04-17 22:57:59,6.9,picked_up
1255,15,252,5,2025-07-27 12:18:01,43.4,picked_up
1256,109,244,2,2025-09-23 11:35:00,30.8,picked_up
1257,38,186,5,2025-07-04 21:23:16,44.2,picked_up
1258,156,18,5,2025-10-15 12:10:15,3.0,picked_up
1259,172,123,1,2025-04-09 13:58:17,29.2,picked_up
1260,180,186,5,2025-11-12 18:43:17,32.7,picked_up
1261,114,199,9,2025-01-04 09:19:02,52.7,picked_up
1262,66,155,7,2025-02-05 09:11:38,74.8,picked_up
1263,42,225,4,2025-09-03 12:38:01,11.0,picked_up
1264,9,141,11,2025-02-01 10:32:07,19.2,picked_up
1265,106,171,8,2025-10-06 22:31:20,41.9,picked_up
1266,179,134,2,2025-07-16 23:22:47,67.4,picked_up
1267,141,378,7,2025-05-08 05:42:06,51.4,picked_up
1268,165,329,1,2025-03-13 16:34:38,31.7,picked_up
1269,103,103,11,2025-09-02 08:08:44,9.8,picked_up
1270,41,128,10,2025-07-20 20:52:44,5.9,picked_up
1271,153,352,11,2025-06-09 16:25:27,31.7,picked_up
1272,189,69,6,2025-04-12 13:42:45,59.7,picked_up
1273,73,102,10,2025-02-03 02:39:18,41.7,picked_up
1274,97,293,3,2025-03-29 12:22:18,53.3,cancelled
1275,166,314,1,2025-09-01 16:35:25,37.3,picked_up
1276,51,135,2,2025-09-30 16:13:39,78.1,picked_up
1277,110,308,1,2025-04-12 08:50:46,19.0,picked_up
1278,146,61,6,2025-01-06 19:33:37,28.7,picked_up
1279,117,345,7,2025-07-12 05:48:10,63.7,picked_up
1280,69,148,12,2025-10-18 05:21:11,11.8,picked_up
1281,53,308,3,2025-03-26 01:13:34,57.4,picked_up
1282,49,215,5,2025-03-12 09:10:08,36.9,picked_up
1283,68,121,3,2025-08-29 05:11:49,13.2,picked_up
1284,176,332,4,2025-06-28 06:23:56,13.0,picked_up
1285,83,355,8,2025-06-04 17:28:42,17.6,picked_up
1286,109,377,12,2025-08-21 06:16:10,20.4,picked_up
1287,14,171,2,2025-04-02 12:52:51,48.1,picked_up
1288,172,307,6,2025-10-03 21:38:02,119.6,picked_up
1289,130,318,1,2025-05-29 06:35:47,5.2,picked_up
1290,34,287,7,2025-01-17 07:18:45,56.3,picked_up
1291,127,174,5,2025-07-02 02:52:01,10.2,picked_up
1292,111,73,6,2025-04-12 11:09:35,88.1,picked_up
1293,128,144,1,2025-10-18 18:13:08,39.2,picked_up
1294,68,314,7,2025-10-24 02:17:24,28.4,picked_up
1295,43,162,9,2025-10-14 12:07:08,22.2,picked_up
1296,169,326,3,2025-11-07 07:57:04,71.1,picked_up
1297,59,94,4,2025-01-15 06:15:37,7.0,picked_up
1298,112,60,3,2025-07-12 12:54:10,87.7,picked_up
1299,144,249,6,2025-06-28 02:37:46,118.8,picked_up
1300,32,179,12,2025-02-06 16:12:32,43.6,picked_up
1301,44,384,5,2025-07-17 21:46:46,10.7,picked_up
1302,150,109,10,2025-08-15 23:03:21,44.8,picked_up
1303,147,93,1,2025-06-12 01:18:22,23.4,picked_up
1304,174,49,4,2025-05-08 23:18:45,23.7,cancelled
1305,32,202,11,2025-05-26 09:48:56,39.3,picked_up
1306,40,15,2,2025-02-01 19:33:50,68.3,picked_up
1307,117,322,12,2025-04-15 22:13:47,33.7,picked_up
1308,12,336,1,2025-08-31 00:51:39,16.5,picked_up
1309,188,292,6,2025-02-20 13:21:05,114.2,picked_up
1310,73,166,1,2025-11-07 07:16:08,33.1,picked_up
1311,155,196,2,2025-02-06 06:38:16,47.4,picked_up
1312,198,205,3,2025-02-04 23:17:43,36.4,cancelled
1313,200,207,4,2025-04-21 23:47:41,7.4,picked_up
1314,77,252,11,2025-11-08 10:47:49,10.4,picked_up
1315,155,68,5,2025-05-20 18:32:06,45.4,picked_up
1316,126,229,6,2025-06-01 01:15:23,66.4,picked_up
1317,24,388,10,2025-06-14 10:19:27,30.8,picked_up
1318,162,219,10,2025-02-06 10:19:59,10.9,picked_up
1319,174,115,6,2025-09-09 20:10:06,117.1,picked_up
1320,135,323,3,2025-09-09 16:34:40,112.4,picked_up
1321,21,245,5,2025-04-27 23:52:05,24.5,picked_up
1322,77,128,3,2025-07-23 11:34:16,85.3,picked_up
1323,20,24,10,2025-07-19 17:22:12,4.3,picked_up
1324,119,339,7,2025-10-08 01:46:32,37.7,picked_up
1325,150,42,5,2025-10-26 20:18:25,19.1,picked_up
1326,119,92,2,2025-11-02 15:42:05,61.3,picked_up
1327,107,361,7,2025-04-26 22:16:33,11.3,picked_up
1328,172,231,12,2025-08-31 14:20:03,23.8,picked_up
1329,48,109,6,2025-03-14 05:08:22,116.3,picked_up
1330,173,55,10,2025-06-18 19:17:56,14.4,picked_up
1331,4,88,1,2025-09-13 00:30:29,18.8,picked_up
1332,169,382,12,2025-08-23 01:59:51,21.4,picked_up
1333,158,185,5,2025-09-26 13:26:20,31.7,picked_up
1334,78,45,12,2025-02-18 21:55:06,34.4,picked_up
1335,5,357,4,2025-03-15 10:20:52,6.0,picked_up
1336,38,333,4,2025-04-05 05:33:17,16.0,picked_up
1337,138,98,11,2025-02-03 18:27:00,35.0,picked_up
1338,109,12,8,2025-02-15 13:28:29,18.7,picked_up
1339,114,249,3,2025-07-03 10:35:52,91.3,cancelled
1340,52,151,8,2025-08-10 11:28:35,50.1,picked_up
1341,3,53,7,2025-09-03 03:50:45,11.7,picked_up
1342,127,378,7,2025-08-14 01:30:50,78.5,picked_up
1343,10,250,9,2025-06-05 13:17:27,59.9,picked_up
1344,174,250,10,2025-04-01 09:31:06,36.8,picked_up
1345,148,162,9,2025-08-04 04:43:00,6.0,picked_up
1346,122,60,11,2025-07-12 11:45:57,19.6,picked_up
1347,179,224,11,2025-01-09 09:56:04,17.1,picked_up
1348,89,225,12,2025-04-01 11:21:28,11.2,picked_up
1349,87,309,10,2025-10-06 02:08:21,45.6,picked_up
1350,186,365,3,2025-06-01 22:31:24,107.1,picked_up
1351,93,242,11,2025-11-07 22:15:26,27.8,picked_up
1352,73,354,3,2025-10-19 07:33:22,78.4,picked_up
1353,52,81,8,2025-08-24 13:59:23,17.3,picked_up
1354,127,156,7,2025-04-02 11:44:19,75.9,picked_up
1355,92,134,1,2025-05-19 23:53:24,40.0,picked_up
1356,129,17,3,2025-11-10 16:03:57,101.1,picked_up
1357,59,62,7,2025-08-07 14:02:48,16.2,picked_up
1358,91,394,5,2025-01-19 11:03:18,49.7,picked_up
1359,39,354,9,2025-07-20 11:45:32,19.7,picked_up
1360,113,235,2,2025-10-21 20:14:03,58.9,picked_up
1361,157,53,2,2025-11-17 04:36:13,64.3,picked_up
1362,162,61,9,2025-03-22 02:20:18,10.8,picked_up
1363,182,227,3,2025-10-24 06:01:32,90.1,picked_up
1364,40,332,12,2025-05-22 14:16:25,43.8,picked_up
1365,52,225,3,2025-06-11 19:04:09,23.5,picked_up
1366,122,175,1,2025-04-22 16:46:51,13.6,picked_up
1367,184,387,2,2025-06-11 12:09:38,27.2,picked_up
1368,193,386,11,2025-07-26 00:41:54,13.6,picked_up
1369,110,212,4,2025-06-09 07:02:21,6.7,picked_up
1370,93,16,9,2025-06-22 05:07:56,48.7,picked_up
1371,133,36,1,2025-02-03 06:11:24,30.1,picked_up
1372,43,223,7,2025-01-25 04:55:34,78.7,picked_up
1373,165,78,1,2025-08-12 11:15:42,28.1,picked_up
1374,170,267,11,2025-04-26 04:21:05,39.3,picked_up
1375,78,370,11,2025-10-16 18:26:32,29.5,picked_up
1376,72,271,6,2025-08-26 09:21:00,10.9,picked_up
1377,165,106,12,2025-07-31 18:24:41,21.4,picked_up
1378,179,177,10,2025-11-12 14:48:50,33.3,picked_up
1379,78,44,7,2025-01-15 16:35:13,63.8,picked_up
1380,190,65,7,2025-07-22 11:07:45,60.2,picked_up
1381,131,283,5,2025-05-02 14:24:12,12.3,picked_up
1382,8,277,11,2025-08-19 10:32:01,10.6,picked_up
1383,130,57,5,2025-10-12 14:36:20,36.9,picked_up
1384,130,182,6,2025-02-18 10:01:15,38.6,picked_up
1385,115,153,11,2025-08-11 15:29:00,37.9,picked_up
1386,61,382,8,2025-08-15 04:50:50,32.4,picked_up
1387,153,120,11,2025-05-17 09:22:43,28.3,picked_up
1388,184,294,11,2025-09-19 11:32:14,32.5,picked_up
1389,64,54,7,2025-05-08 15:45:18,45.4,picked_up
1390,93,233,4,2025-02-08 09:18:46,25.2,picked_up
1391,21,48,7,2025-01-25 11:41:13,67.6,picked_up
1392,115,40,3,2025-05-24 18:04:17,62.4,picked_up
1393,133,399,7,2025-06-03 15:38:21,50.4,picked_up
1394,109,226,10,2025-09-25 22:06:42,25.9,picked_up
1395,107,84,8,2025-02-26 09:24:14,60.7,picked_up
1396,34,361,8,2025-07-19 15:14:07,59.2,picked_up
1397,117,243,2,2025-01-13 23:55:22,58.0,picked_up
1398,31,309,9,2025-06-09 00:36:47,25.3,picked_up
1399,11,268,6,2025-03-01 20:54:05,72.9,picked_up
1400,78,151,5,2025-07-09 01:09:15,49.6,cancelled
1401,151,216,3,2025-01-20 05:27:38,25.6,picked_up
1402,56,94,5,2025-11-15 10:47:56,44.7,picked_up
1403,90,35,1,2025-01-18 16:28:15,9.3,picked_up
1404,116,173,10,2025-10-31 18:42:13,16.9,picked_up
1405,34,391,12,2025-02-24 03:07:16,42.0,picked_up
1406,171,230,8,2025-02-28 04:37:06,62.8,picked_up
1407,160,341,6,2025-08-31 12:16:30,19.8,picked_up
1408,87,277,4,2025-01-19 03:04:14,27.3,picked_up
1409,166,46,8,2025-03-06 15:38:29,61.0,picked_up
1410,198,363,10,2025-05-01 06:40:21,32.2,picked_up
1411,22,99,2,2025-08-29 14:44:23,54.4,picked_up
1412,134,97,1,2025-10-19 19:42:46,38.5,picked_up
1413,137,93,1,2025-01-08 16:50:47,9.2,picked_up
1414,181,297,4,2025-06-22 20:31:07,9.6,picked_up
1415,103,302,9,2025-01-18 19:16:40,38.4,picked_up
1416,47,213,1,2025-01-10 16:13:36,16.9,picked_up
1417,24,59,6,2025-02-08 21:51:23,52.0,picked_up
1418,66,394,5,2025-02-05 03:23:55,8.9,picked_up
1419,16,315,7,2025-05-07 15:55:44,56.9,picked_up
1420,100,51,12,2025-05-05 15:00:09,4.8,picked_up
1421,31,27,6,2025-03-20 23:59:27,38.4,picked_up
1422,127,261,10,2025-10-20 12:46:58,30.1,picked_up
1423,82,238,2,2025-08-04 03:27:43,27.4,picked_up
1424,163,120,8,2025-01-08 13:34:38,10.1,picked_up
1425,64,391,10,2025-08-04 18:14:53,34.4,picked_up
1426,105,229,3,2025-02-02 22:04:57,43.5,picked_up
1427,37,192,9,2025-07-30 05:15:48,16.2,picked_up
1428,109,285,4,2025-06-25 18:32:26,17.5,picked_up
1429,159,149,8,2025-09-11 22:56:58,77.2,picked_up
1430,124,140,1,2025-08-21 12:31:52,7.1,picked_up
1431,90,324,11,2025-03-24 23:00:44,18.3,picked_up
1432,42,379,9,2025-07-27 18:04:22,20.5,picked_up
1433,179,63,5,2025-02-24 13:38:05,6.3,picked_up
1434,54,313,5,2025-07-16 09:15:56,44.2,picked_up
1435,88,326,6,2025-04-12 20:03:24,107.2,picked_up
1436,63,340,12,2025-05-06 05:53:08,23.7,picked_up
1437,85,9,8,2025-09-27 00:27:48,77.0,picked_up
1438,2,5,1,2025-09-19 14:04:41,26.3,picked_up
1439,181,251,9,2025-10-24 10:41:28,54.2,picked_up
1440,167,334,2,2025-01-31 10:34:04,64.7,picked_up
1441,32,181,11,2025-11-12 23:40:13,20.6,picked_up
1442,46,394,10,2025-11-12 15:10:26,19.2,picked_up
1443,95,99,1,2025-06-22 23:45:50,9.4,cancelled
1444,72,349,12,2025-10-03 18:12:08,2.9,picked_up
1445,161,156,2,2025-11-11 06:58:09,66.8,picked_up
1446,93,19,4,2025-04-20 08:50:20,29.5,picked_up
1447,54,4,12,2025-03-18 11:39:40,35.9,picked_up
1448,72,292,11,2025-07-14 15:22:22,18.9,picked_up
1449,190,290,9,2025-09-19 09:07:48,15.7,picked_up
1450,151,66,10,2025-10-18 00:58:35,10.4,picked_up
1451,59,268,5,2025-10-11 09:49:47,46.8,picked_up
1452,6,355,4,2025-09-21 12:56:34,25.9,picked_up
1453,117,2,5,2025-06-16 04:59:43,34.7,picked_up
1454,83,222,11,2025-06-08 08:21:29,6.8,picked_up
1455,127,186,11,2025-07-21 05:11:01,23.1,picked_up
1456,72,216,12,2025-07-27 02:25:24,12.8,picked_up
1457,86,42,1,2025-08-11 09:44:42,18.7,picked_up
1458,177,217,12,2025-01-30 05:50:04,12.8,picked_up
1459,80,33,4,2025-09-01 10:41:36,7.4,picked_up
1460,7,304,1,2025-11-06 22:38:14,21.8,picked_up
1461,64,56,6,2025-07-04 06:03:11,102.5,picked_up
1462,86,267,6,2025-11-05 17:39:07,101.6,picked_up
1463,159,225,2,2025-10-25 01:54:53,63.9,picked_up
1464,22,32,8,2025-01-14 06:47:08,49.7,picked_up
1465,33,32,12,2025-11-08 22:47:23,5.1,picked_up
1466,111,34,5,2025-02-09 21:06:06,31.3,picked_up
1467,98,206,9,2025-02-07 13:12:09,7.9,picked_up
1468,154,338,7,2025-08-31 16:10:39,24.8,cancelled
1469,110,318,7,2025-08-29 19:38:49,41.4,picked_up
1470,7,233,11,2025-07-21 04:46:24,37.8,picked_up
1471,4,305,4,2025-10-05 08:25:56,5.9,picked_up
1472,33,327,4,2025-07-17 23:16:23,27.4,picked_up
1473,159,228,7,2025-03-14 12:55:54,42.7,picked_up
1474,80,300,1,2025-06-19 14:23:56,7.1,picked_up
1475,80,299,11,2025-07-30 11:49:29,31.4,picked_up
1476,155,176,3,2025-04-24 08:54:45,61.6,picked_up
1477,169,348,1,2025-02-26 11:46:23,23.1,picked_up
1478,144,28,9,2025-06-14 05:53:41,50.1,picked_up
1479,52,36,4,2025-05-13 23:29:40,20.3,picked_up
1480,120,308,8,2025-09-27 05:45:53,58.0,picked_up
1481,86,316,10,2025-04-27 16:46:07,29.2,picked_up
1482,11,254,3,2025-03-27 13:00:39,21.5,picked_up
1483,59,239,11,2025-08-31 15:21:21,12.8,picked_up
1484,85,379,8,2025-05-27 07:45:07,60.9,picked_up
1485,2,186,3,2025-01-05 04:12:03,100.9,picked_up
1486,37,149,1,2025-06-21 08:54:04,24.4,picked_up
1487,93,23,10,2025-01-12 20:41:22,45.8,picked_up
1488,68,369,5,2025-03-10 00:26:58,10.4,picked_up
1489,51,12,9,2025-03-10 17:09:37,18.5,picked_up
1490,174,71,2,2025-05-28 11:48:57,9.5,picked_up
1491,54,157,2,2025-06-27 12:07:35,32.4,picked_up
1492,135,320,6,2025-06-18 18:32:43,82.7,picked_up
1493,34,98,2,2025-03-16 18:35:56,16.5,picked_up
1494,154,220,12,2025-09-05 09:16:55,20.0,picked_up
1495,151,97,1,2025-07-28 06:55:36,31.7,picked_up
1496,14,323,3,2025-11-06 07:38:26,46.0,picked_up
1497,150,251,3,2025-03-23 14:14:07,103.7,picked_up
1498,158,34,8,2025-03-07 08:35:37,65.0,picked_up
1499,96,256,11,2025-07-21 20:25:38,31.3,picked_up
1500,135,356,6,2025-07-08 00:39:18,88.4,picked_up
1501,149,206,8,2025-09-06 03:34:30,42.1,picked_up
1502,54,113,10,2025-03-21 04:06:06,33.2,picked_up
1503,79,218,4,2025-05-27 18:40:04,13.7,picked_up
1504,22,69,6,2025-10-20 05:37:54,38.0,picked_up
1505,59,299,8,2025-01-17 07:28:47,45.4,picked_up
1506,116,240,10,2025-06-18 07:14:41,18.1,picked_up
1507,98,13,8,2025-03-12 01:40:26,30.8,picked_up
1508,92,43,5,2025-04-25 17:06:18,33.0,picked_up
1509,21,142,9,2025-03-30 18:42:19,35.1,picked_up
1510,140,103,2,2025-05-10 22:50:54,33.9,picked_up
1511,191,394,6,2025-09-23 19:02:53,37.5,picked_up
1512,36,386,4,2025-10-06 11:19:52,22.1,picked_up
1513,77,145,5,2025-11-16 16:28:26,2.4,picked_up
1514,149,388,7,2025-09-12 19:55:04,76.1,cancelled
1515,195,77,11,2025-06-04 17:01:04,22.9,picked_up
1516,122,120,12,2025-07-20 15:50:26,38.0,picked_up
1517,185,237,9,2025-05-13 15:10:38,46.7,picked_up
1518,110,395,6,2025-09-29 09:17:02,103.0,picked_up
1519,143,16,8,2025-05-26 20:27:31,40.4,picked_up
1520,189,5,3,2025-07-14 10:28:32,43.6,picked_up
1521,108,218,6,2025-09-24 15:46:21,47.4,picked_up
1522,84,301,12,2025-01-10 08:36:39,27.8,picked_up
1523,40,170,1,2025-08-09 23:55:22,37.3,picked_up
1524,147,201,10,2025-05-29 10:08:47,45.9,picked_up
1525,99,97,7,2025-07-04 17:14:54,12.6,picked_up
1526,164,156,10,2025-02-06 13:04:25,48.2,picked_up
1527,9,353,11,2025-08-23 15:45:33,24.4,picked_up
1528,99,146,3,2025-03-22 07:03:19,31.9,picked_up
1529,117,30,11,2025-05-24 12:05:17,23.4,picked_up
1530,106,201,3,2025-03-03 07:40:35,45.9,picked_up
1531,123,381,3,2025-01-28 00:55:03,69.0,picked_up
1532,53,159,4,2025-06-18 04:24:08,6.5,picked_up
1533,155,295,11,2025-05-01 20:20:01,21.6,picked_up
1534,118,142,9,2025-03-20 16:00:20,44.4,cancelled
1535,103,310,3,2025-11-10 23:03:32,59.0,picked_up
1536,126,236,6,2025-06-30 00:38:03,110.1,picked_up
1537,166,234,12,2025-05-16 00:14:27,6.4,picked_up
1538,101,314,12,2025-11-17 02:55:12,40.0,picked_up
1539,46,317,3,2025-10-13 02:19:44,55.7,picked_up
1540,47,358,7,2025-08-10 03:52:42,73.6,picked_up
1541,62,81,12,2025-04-17 15:46:47,47.4,picked_up
1542,18,358,9,2025-10-10 11:49:21,21.1,picked_up
1543,106,391,4,2025-08-04 00:41:31,27.5,picked_up
1544,27,259,6,2025-10-26 00:39:43,18.4,picked_up
1545,65,107,7,2025-07-16 20:51:49,40.5,picked_up
1546,178,346,1,2025-10-19 12:02:50,7.6,picked_up
1547,50,204,6,2025-01-16 00:05:07,92.1,cancelled
1548,35,168,2,2025-09-18 15:36:27,59.1,picked_up
1549,22,281,8,2025-09-13 11:53:40,41.2,picked_up
1550,72,83,8,2025-03-08 14:00:20,18.1,picked_up
1551,76,64,10,2025-07-27 23:20:05,6.8,picked_up
1552,196,6,3,2025-09-21 09:40:06,18.5,picked_up
1553,56,366,8,2025-01-14 17:02:57,33.8,picked_up
1554,179,25,9,2025-09-04 20:40:31,16.9,picked_up
1555,169,53,11,2025-06-02 00:49:38,28.2,picked_up
1556,2,25,8,2025-10-28 07:22:48,11.8,picked_up
1557,96,123,4,2025-03-20 00:00:06,28.1,picked_up
1558,4,173,7,2025-11-15 23:51:42,10.0,picked_up
1559,25,341,11,2025-03-07 12:46:54,7.2,picked_up
1560,28,168,1,2025-05-06 15:35:29,19.5,picked_up
1561,139,203,4,2025-06-16 12:08:00,19.9,picked_up
1562,83,89,4,2025-01-07 03:45:34,5.9,picked_up
1563,55,235,6,2025-03-27 19:26:42,11.3,picked_up
1564,95,23,5,2025-01-27 11:34:22,33.2,picked_up
1565,154,256,7,2025-02-09 20:58:17,29.7,picked_up
1566,25,308,10,2025-05-07 07:12:03,10.2,picked_up
1567,198,356,12,2025-02-21 23:00:38,20.7,picked_up
1568,177,163,11,2025-09-17 03:01:26,31.7,picked_up
1569,150,230,6,2025-05-29 19:57:35,11.9,picked_up
1570,151,361,12,2025-01-06 11:53:14,13.2,picked_up
1571,32,159,10,2025-04-03 03:22:24,38.4,picked_up
1572,16,71,4,2025-05-26 18:48:47,19.7,picked_up
1573,53,329,4,2025-01-16 01:18:58,7.1,picked_up
1574,114,379,12,2025-05-08 23:36:41,30.7,picked_up
1575,195,21,6,2025-07-22 14:53:12,80.8,picked_up
1576,74,385,7,2025-01-10 12:50:16,54.7,picked_up
1577,63,106,12,2025-07-29 18:44:59,17.9,picked_up
1578,176,357,11,2025-10-07 18:14:48,39.6,picked_up
1579,47,227,7,2025-09-02 21:59:54,45.5,cancelled
1580,50,27,8,2025-09-04 16:43:42,13.0,picked_up
1581,45,304,4,2025-08-02 11:37:32,6.4,picked_up
1582,21,219,4,2025-10-09 21:23:17,9.4,picked_up
1583,63,218,3,2025-03-10 20:29:53,89.4,picked_up
1584,115,326,5,2025-03-20 13:11:36,15.7,picked_up
1585,93,204,8,2025-05-28 00:34:55,13.8,picked_up
1586,157,377,8,2025-06-18 15:51:53,38.4,picked_up
1587,98,219,8,2025-02-02 15:47:11,9.4,picked_up
1588,40,284,5,2025-10-10 12:51:08,30.6,picked_up
1589,117,146,7,2025-05-27 00:37:20,41.4,picked_up
1590,35,367,8,2025-07-02 13:48:21,13.2,picked_up
1591,129,374,4,2025-10-10 00:42:32,3.1,picked_up
1592,102,381,7,2025-05-26 05:57:45,74.6,picked_up
1593,151,37,5,2025-06-09 02:10:35,32.8,picked_up
1594,145,84,2,2025-03-17 18:20:16,35.7,picked_up
1595,193,370,5,2025-05-16 16:59:19,39.0,picked_up
1596,95,357,8,2025-01-23 17:50:45,53.7,picked_up
1597,63,245,7,2025-01-14 17:38:01,61.0,picked_up
1598,174,15,6,2025-09-29 04:54:17,79.4,picked_up
1599,117,349,3,2025-02-27 13:33:49,38.7,picked_up
1600,170,83,10,2025-01-06 02:59:34,29.8,picked_up
1601,99,204,2,2025-10-02 13:02:50,54.4,picked_up
1602,49,217,2,2025-03-06 17:35:16,45.3,picked_up
1603,129,273,5,2025-09-14 01:32:05,35.2,picked_up
1604,106,386,10,2025-10-10 22:12:32,16.8,picked_up
1605,199,177,2,2025-11-13 13:09:18,53.8,picked_up
1606,192,204,12,2025-09-29 19:14:09,12.1,picked_up
1607,1,50,3,2025-01-28 10:58:11,99.8,picked_up
1608,168,148,7,2025-10-13 00:26:55,45.8,picked_up
1609,181,69,3,2025-03-19 05:41:06,51.2,picked_up
1610,116,291,9,2025-11-13 14:28:58,57.2,picked_up
1611,47,389,4,2025-03-16 20:29:46,4.6,picked_up
1612,160,56,7,2025-09-05 11:59:29,39.7,picked_up
1613,32,142,5,2025-01-26 06:58:09,6.1,picked_up
1614,125,345,10,2025-10-23 16:41:12,13.3,picked_up
1615,2,341,1,2025-08-15 12:47:06,14.3,picked_up
1616,134,4,1,2025-05-27 05:27:32,8.4,picked_up
1617,122,388,5,2025-05-12 05:20:49,46.7,picked_up
1618,88,162,6,2025-11-14 13:34:03,50.8,picked_up
1619,97,313,6,2025-01-23 13:31:47,83.2,picked_up
1620,1,234,6,2025-09-29 12:42:17,98.7,picked_up
1621,32,272,3,2025-04-19 20:49:34,12.8,picked_up
1622,159,352,4,2025-09-14 05:10:13,12.9,picked_up
1623,49,2,9,2025-09-06 03:16:25,27.7,picked_up
1624,93,24,6,2025-11-10 22:59:03,11.8,picked_up
1625,156,249,11,2025-06-05 17:48:35,20.6,picked_up
1626,122,338,2,2025-09-29 23:48:36,33.1,picked_up
1627,156,100,12,2025-10-04 19:46:48,20.5,picked_up
1628,184,259,9,2025-01-13 15:53:30,53.2,picked_up
1629,173,281,2,2025-07-01 14:55:11,29.7,picked_up
1630,124,340,8,2025-07-30 07:23:24,76.8,picked_up
1631,169,359,4,2025-02-05 01:33:53,7.6,picked_up
1632,84,197,12,2025-10-25 22:30:57,3.4,picked_up
1633,122,344,12,2025-02-18 03:21:27,14.4,picked_up
1634,126,47,9,2025-11-06 06:58:28,39.8,picked_up
1635,197,308,4,2025-01-26 10:44:25,28.2,picked_up
1636,191,377,7,2025-10-09 21:45:05,73.5,picked_up
1637,112,120,11,2025-03-29 03:38:41,32.5,picked_up
1638,23,175,5,2025-10-15 22:43:02,6.2,picked_up
1639,30,294,4,2025-05-24 03:33:27,23.1,picked_up
1640,148,378,6,2025-01-01 23:38:40,114.9,picked_up
1641,100,217,10,2025-05-05 11:17:18,27.7,picked_up
1642,33,267,11,2025-09-16 02:31:51,37.7,picked_up
1643,3,276,4,2025-06-29 05:07:44,5.9,picked_up
1644,128,349,5,2025-06-27 08:13:11,42.2,picked_up
1645,171,360,5,2025-01-14 16:06:28,9.0,picked_up
1646,177,64,5,2025-04-17 12:45:44,26.1,picked_up
1647,162,111,12,2025-07-12 13:58:20,29.6,picked_up
1648,86,79,7,2025-10-06 16:44:46,12.2,picked_up
1649,58,359,12,2025-10-14 01:27:33,46.9,picked_up
1650,187,201,3,2025-04-27 11:49:50,104.2,picked_up
1651,41,12,11,2025-08-02 03:11:53,36.9,picked_up
1652,90,388,7,2025-06-02 07:45:53,56.8,picked_up
1653,73,357,9,2025-03-18 02:23:27,45.0,picked_up
1654,34,166,9,2025-10-20 11:37:54,26.7,picked_up
1655,182,156,1,2025-06-28 00:30:43,34.7,picked_up
1656,179,248,10,2025-04-24 09:04:36,8.6,picked_up
1657,192,101,4,2025-10-13 21:40:07,8.9,picked_up
1658,148,53,6,2025-09-21 18:22:48,89.9,picked_up
1659,110,348,3,2025-03-07 15:57:04,51.4,picked_up
1660,122,92,2,2025-01-21 17:04:32,33.6,picked_up
1661,152,223,9,2025-02-28 00:45:25,40.8,picked_up
1662,31,124,7,2025-06-04 08:59:50,25.6,picked_up
1663,45,335,12,2025-10-17 17:46:10,30.6,picked_up
1664,172,338,12,2025-02-05 03:14:11,49.6,picked_up
1665,162,335,11,2025-06-23 04:48:11,18.4,picked_up
1666,32,251,2,2025-09-07 10:22:05,16.4,picked_up
1667,151,294,9,2025-08-11 17:18:13,17.4,picked_up
1668,152,93,12,2025-05-30 10:45:55,37.8,picked_up
1669,77,293,11,2025-02-18 23:17:17,29.6,picked_up
1670,138,95,2,2025-06-07 17:57:15,59.4,picked_up
1671,138,272,1,2025-07-10 01:44:22,18.8,picked_up
1672,167,64,10,2025-10-20 23:12:20,27.9,picked_up
1673,47,307,11,2025-09-28 07:52:54,36.4,picked_up
1674,81,63,9,2025-01-16 12:50:26,29.6,picked_up
1675,23,288,4,2025-04-11 01:10:52,20.6,picked_up
1676,32,260,1,2025-04-27 06:56:52,8.0,picked_up
1677,169,1,9,2025-04-07 18:40:09,14.4,picked_up
1678,76,338,9,2025-07-27 18:11:42,54.8,picked_up
1679,81,268,10,2025-05-18 01:58:10,25.5,picked_up
1680,26,340,9,2025-11-15 16:44:51,16.5,picked_up
1681,77,111,1,2025-02-22 10:54:33,11.6,picked_up
1682,72,66,4,2025-10-11 11:44:44,19.0,picked_up
1683,67,196,2,2025-09-10 16:17:07,47.6,picked_up
1684,66,347,7,2025-06-15 12:29:14,40.8,picked_up
1685,19,323,3,2025-10-12 21:01:30,68.9,picked_up
1686,50,366,11,2025-05-25 20:37:02,29.4,picked_up
1687,155,84,11,2025-06-13 07:45:41,33.7,picked_up
1688,112,195,6,2025-01-11 09:29:50,119.2,picked_up
1689,32,273,4,2025-02-13 01:10:56,5.1,picked_up
1690,164,46,7,2025-05-22 05:43:21,12.7,picked_up
1691,58,141,5,2025-01-05 03:55:58,9.0,picked_up
1692,27,64,4,2025-03-10 13:56:06,13.2,picked_up
1693,126,49,5,2025-07-25 18:15:56,30.3,picked_up
1694,142,139,10,2025-08-25 06:00:08,43.5,picked_up
1695,193,200,1,2025-03-12 11:59:22,11.0,picked_up
1696,137,283,12,2025-08-20 06:13:54,34.5,picked_up
1697,33,133,7,2025-01-05 00:31:22,42.3,picked_up
1698,33,74,12,2025-05-28 10:40:41,9.5,picked_up
1699,186,328,5,2025-05-25 02:03:16,4.5,picked_up
1700,108,362,4,2025-06-28 02:52:49,21.3,picked_up
1701,129,147,6,2025-04-18 10:51:23,97.8,picked_up
1702,59,157,9,2025-09-05 04:32:59,56.8,picked_up
1703,81,47,5,2025-09-04 19:36:55,21.5,picked_up
1704,24,85,12,2025-08-12 18:20:25,13.5,picked_up
1705,127,6,12,2025-06-14 23:48:49,15.7,picked_up
1706,128,264,12,2025-09-24 09:47:54,8.5,picked_up
1707,104,8,9,2025-08-28 16:12:27,43.4,picked_up
1708,109,360,12,2025-07-27 20:16:05,2.3,picked_up
1709,170,271,4,2025-09-24 00:04:12,29.8,picked_up
1710,44,346,10,2025-10-24 22:17:50,23.5,picked_up
1711,94,69,4,2025-07-19 19:53:11,7.7,picked_up
1712,98,88,1,2025-05-26 07:15:22,19.8,picked_up
1713,64,277,6,2025-10-25 23:29:43,110.5,picked_up
1714,76,136,5,2025-03-25 01:55:06,16.4,cancelled
1715,56,157,11,2025-09-08 00:56:55,24.9,picked_up
1716,159,250,1,2025-01-23 15:54:30,37.7,picked_up
1717,77,182,10,2025-02-11 22:50:29,24.1,cancelled
1718,91,5,12,2025-02-09 16:32:11,10.9,picked_up
1719,132,79,4,2025-06-09 20:10:44,5.3,picked_up
1720,197,337,8,2025-04-08 11:25:29,8.5,picked_up
1721,94,220,7,2025-03-13 02:03:34,35.0,picked_up
1722,113,337,5,2025-06-20 23:06:04,7.2,picked_up
1723,2,184,6,2025-10-03 18:24:15,92.2,picked_up
1724,35,203,4,2025-06-13 20:31:27,10.7,picked_up
1725,51,246,1,2025-09-16 16:30:47,10.6,picked_up
1726,141,254,2,2025-11-07 22:51:48,38.3,picked_up
1727,196,400,3,2025-06-05 15:06:52,45.7,picked_up
1728,100,68,12,2025-02-12 22:47:01,42.5,picked_up
1729,89,257,1,2025-01-06 15:13:02,9.4,picked_up
1730,88,220,4,2025-08-21 05:15:09,4.4,picked_up
1731,73,249,7,2025-02-02 10:01:35,42.6,picked_up
1732,187,262,4,2025-03-14 21:39:49,19.7,picked_up
1733,180,127,2,2025-09-17 02:38:59,70.2,picked_up
1734,27,359,4,2025-10-12 00:21:00,15.8,picked_up
1735,152,323,3,2025-09-04 17:45:21,30.8,picked_up
1736,10,141,2,2025-03-16 23:13:23,17.5,picked_up
1737,52,47,7,2025-01-21 02:56:18,9.3,picked_up
1738,163,119,9,2025-03-28 11:05:42,21.9,picked_up
1739,110,330,8,2025-01-21 09:27:50,12.4,picked_up
1740,90,365,5,2025-06-12 16:44:02,19.5,picked_up
1741,1,27,1,2025-09-14 19:39:38,11.4,picked_up
1742,72,311,4,2025-02-09 11:10:01,10.7,picked_up
1743,94,172,5,2025-04-29 12:48:36,47.5,picked_up
1744,142,395,11,2025-02-20 22:33:33,5.5,picked_up
1745,191,399,12,2025-08-18 01:02:56,40.9,picked_up
1746,71,108,6,2025-08-16 06:19:27,36.2,picked_up
1747,191,309,2,2025-02-17 01:47:01,17.4,picked_up
1748,50,361,11,2025-06-23 10:52:32,33.6,picked_up
1749,159,176,2,2025-04-28 09:57:49,75.8,picked_up
1750,40,23,4,2025-02-19 23:28:48,17.4,picked_up
1751,195,287,9,2025-05-16 05:26:20,44.1,picked_up
1752,31,224,8,2025-01-27 15:05:20,53.4,picked_up
1753,129,12,9,2025-03-07 03:56:53,56.2,picked_up
1754,75,24,12,2025-08-09 05:07:52,48.4,picked_up
1755,102,254,12,2025-09-24 05:48:47,11.1,picked_up
1756,43,225,9,2025-10-19 21:17:24,58.4,picked_up
1757,103,311,9,2025-04-16 18:30:33,47.9,picked_up
1758,56,304,1,2025-09-28 21:55:02,10.6,cancelled
1759,182,369,9,2025-07-24 06:02:13,30.0,picked_up
1760,69,283,4,2025-02-16 14:07:26,11.0,picked_up
1761,75,21,1,2025-09-06 17:38:49,23.7,picked_up
1762,70,27,5,2025-09-07 19:43:27,46.5,picked_up
1763,1,333,4,2025-05-16 06:34:46,17.4,picked_up
1764,181,282,6,2025-04-13 21:00:51,45.7,picked_up
1765,76,167,7,2025-01-23 13:44:01,72.7,picked_up
1766,57,375,1,2025-04-19 22:53:52,33.8,picked_up
1767,200,400,1,2025-08-15 20:23:18,23.8,picked_up
1768,168,132,12,2025-09-01 12:52:59,35.0,picked_up
1769,114,113,9,2025-05-07 06:21:01,16.3,picked_up
1770,193,203,10,2025-03-02 18:41:01,32.2,picked_up
1771,95,76,12,2025-07-06 08:40:04,36.9,picked_up
1772,46,97,3,2025-08-10 13:35:50,60.5,picked_up
1773,73,11,12,2025-05-01 18:54:10,10.7,picked_up
1774,176,312,3,2025-03-15 06:52:13,99.9,picked_up
1775,117,331,2,2025-06-06 15:36:43,38.7,picked_up
1776,193,7,9,2025-08-23 15:06:11,12.6,picked_up
1777,4,391,7,2025-09-08 15:00:31,9.5,picked_up
1778,22,138,3,2025-02-25 17:27:36,37.3,picked_up
1779,3,55,10,2025-07-30 23:15:22,2.6,picked_up
1780,22,104,6,2025-02-24 09:43:06,103.8,picked_up
1781,42,158,10,2025-05-10 04:11:34,44.8,picked_up
1782,178,137,4,2025-09-02 00:35:31,4.5,picked_up
1783,27,279,1,2025-04-26 13:48:11,33.9,picked_up
1784,58,13,7,2025-03-30 08:45:55,18.2,picked_up
1785,74,116,3,2025-09-24 03:13:59,48.9,picked_up
1786,29,252,12,2025-03-08 04:24:17,41.5,picked_up
1787,73,183,4,2025-01-30 23:04:25,5.7,picked_up
1788,22,23,2,2025-08-24 02:24:28,34.0,picked_up
1789,154,93,7,2025-09-22 04:46:38,46.2,picked_up
1790,160,147,11,2025-05-16 15:11:23,29.1,picked_up
1791,170,189,5,2025-04-14 09:42:58,46.0,picked_up
1792,1,77,12,2025-10-30 09:28:21,40.3,picked_up
1793,115,370,6,2025-11-06 19:11:13,26.3,picked_up
1794,29,296,8,2025-06-16 08:09:07,66.7,picked_up
1795,83,66,5,2025-03-12 23:10:22,8.9,picked_up
1796,109,247,6,2025-09-27 15:09:02,45.1,picked_up
1797,86,71,10,2025-11-08 20:29:43,40.1,picked_up
1798,141,255,4,2025-07-29 13:29:17,13.3,picked_up
1799,59,197,9,2025-02-02 19:22:25,34.5,picked_up
1800,199,356,7,2025-11-12 09:47:25,45.9,picked_up
1801,93,2,12,2025-03-21 06:42:13,6.2,picked_up
1802,122,69,1,2025-02-13 02:43:52,17.7,picked_up
1803,200,72,6,2025-04-25 18:46:40,49.7,picked_up
1804,108,125,9,2025-03-24 04:12:52,58.5,picked_up
1805,31,357,1,2025-10-01 17:24:33,31.1,picked_up
1806,109,191,12,2025-01-22 08:05:35,3.3,picked_up
1807,123,305,11,2025-03-03 18:16:51,25.4,picked_up
1808,63,40,6,2025-01-06 04:18:02,25.5,picked_up
1809,47,241,7,2025-10-17 02:27:44,18.8,picked_up
1810,77,241,9,2025-06-10 03:40:03,43.4,picked_up
1811,178,7,8,2025-04-22 16:52:53,64.3,picked_up
1812,9,310,1,2025-10-20 01:03:58,35.8,picked_up
1813,109,349,3,2025-06-26 18:21:01,11.2,picked_up
1814,129,157,5,2025-10-03 19:38:50,46.1,picked_up
1815,24,268,3,2025-05-27 23:07:00,39.9,picked_up
1816,103,317,3,2025-01-23 01:55:41,91.7,picked_up
1817,144,310,3,2025-01-31 07:38:32,100.5,picked_up
1818,168,329,8,2025-06-07 15:48:16,42.4,picked_up
1819,96,332,3,2025-06-15 02:02:04,16.0,picked_up
1820,93,309,2,2025-10-30 18:54:59,15.5,picked_up
1821,42,278,1,2025-02-11 16:19:17,13.4,picked_up
1822,80,97,10,2025-08-03 14:08:10,2.5,picked_up
1823,22,292,1,2025-08-08 16:17:16,13.4,picked_up
1824,81,48,8,2025-05-01 04:24:20,11.3,cancelled
1825,102,257,6,2025-03-18 00:26:52,92.7,picked_up
1826,34,360,7,2025-09-20 08:31:59,60.2,picked_up
1827,129,52,7,2025-07-15 08:37:47,72.5,picked_up
1828,98,245,3,2025-08-17 01:15:16,12.6,picked_up
1829,39,350,1,2025-06-30 04:27:46,15.2,picked_up
1830,184,119,11,2025-03-26 01:58:39,8.3,picked_up
1831,184,83,11,2025-07-15 03:26:11,9.9,picked_up
1832,134,394,12,2025-05-13 22:13:16,31.2,picked_up
1833,93,320,3,2025-06-17 16:17:33,47.3,picked_up
1834,100,123,12,2025-03-23 10:20:57,39.2,picked_up
1835,40,291,10,2025-09-02 03:25:24,5.6,picked_up
1836,37,393,2,2025-05-01 13:08:36,65.9,picked_up
1837,117,161,2,2025-03-08 05:52:58,43.9,picked_up
1838,148,187,3,2025-05-18 13:37:58,17.5,picked_up
1839,118,133,3,2025-07-04 03:06:42,88.2,picked_up
1840,36,64,8,2025-08-10 04:58:47,54.8,picked_up
1841,103,210,6,2025-08-29 23:52:07,104.5,picked_up
1842,132,320,3,2025-05-03 03:23:13,58.5,picked_up
1843,116,135,11,2025-09-23 09:52:45,19.5,picked_up
1844,63,359,11,2025-11-16 06:27:55,7.0,picked_up
1845,75,193,3,2025-03-03 18:35:05,103.8,picked_up
1846,119,343,2,2025-02-06 15:30:44,24.1,picked_up
1847,120,56,8,2025-02-03 15:55:26,54.3,picked_up
1848,102,394,2,2025-06-18 12:55:07,74.1,picked_up
1849,88,310,6,2025-07-09 04:35:53,17.1,picked_up
1850,72,233,12,2025-01-16 04:49:02,24.9,picked_up
1851,55,164,8,2025-08-10 00:04:08,18.5,picked_up
1852,16,186,10,2025-11-03 23:13:28,39.2,picked_up
1853,55,12,8,2025-10-22 22:49:02,23.4,picked_up
1854,46,43,5,2025-02-25 09:05:34,14.1,picked_up
1855,183,232,7,2025-06-13 08:05:28,13.9,picked_up
1856,48,28,11,2025-02-06 05:36:53,36.3,picked_up
1857,193,153,7,2025-03-06 05:33:40,32.6,picked_up
1858,138,353,7,2025-11-01 18:04:49,42.7,picked_up
1859,178,293,12,2025-06-01 11:01:43,23.0,picked_up
1860,153,102,9,2025-01-31 13:13:47,48.1,picked_up
1861,83,341,10,2025-11-17 03:36:42,31.6,picked_up
1862,188,163,12,2025-01-06 20:13:49,41.6,picked_up
1863,128,163,8,2025-02-14 10:53:34,75.2,picked_up
1864,134,370,11,2025-01-02 18:16:15,19.2,picked_up
1865,164,297,3,2025-02-08 04:15:47,79.8,picked_up
1866,108,357,12,2025-08-01 09:53:33,49.0,picked_up
1867,90,108,10,2025-03-16 13:43:51,20.1,picked_up
1868,95,187,10,2025-01-07 14:54:48,47.8,picked_up
1869,32,359,5,2025-07-14 04:14:05,26.1,picked_up
1870,91,181,8,2025-07-31 00:09:32,37.8,picked_up
1871,46,235,6,2025-06-16 16:49:28,22.5,picked_up
1872,139,224,9,2025-05-29 12:25:40,37.7,picked_up
1873,112,325,11,2025-04-21 08:03:57,29.1,picked_up
1874,27,46,2,2025-09-10 14:56:24,79.7,cancelled
1875,192,385,7,2025-08-31 14:28:36,15.5,picked_up
1876,129,298,2,2025-11-10 07:15:31,53.6,picked_up
1877,55,115,5,2025-10-30 01:02:55,42.9,picked_up
1878,121,64,7,2025-05-17 11:57:22,16.2,picked_up
1879,166,361,8,2025-11-02 01:19:47,37.7,picked_up
1880,58,260,1,2025-04-21 11:23:05,37.9,picked_up
1881,107,345,11,2025-04-05 03:27:02,14.3,cancelled
1882,7,79,7,2025-11-04 08:05:18,10.4,picked_up
1883,154,163,9,2025-05-11 11:15:52,50.1,picked_up
1884,62,285,10,2025-06-02 07:45:42,49.7,picked_up
1885,14,296,11,2025-06-16 23:31:28,18.8,picked_up
1886,187,89,11,2025-06-06 21:20:29,18.7,picked_up
1887,60,51,9,2025-10-04 01:54:40,13.7,picked_up
1888,148,201,9,2025-10-24 07:57:24,11.5,picked_up
1889,41,166,5,2025-03-21 11:12:17,42.2,picked_up
1890,161,395,1,2025-08-19 17:50:48,20.3,picked_up
1891,21,293,10,2025-05-29 20:16:17,36.0,cancelled
1892,117,325,12,2025-09-03 14:01:23,8.3,picked_up
1893,57,153,3,2025-03-17 14:36:59,36.4,picked_up
1894,97,395,4,2025-04-12 11:50:49,22.6,picked_up
1895,37,322,5,2025-01-10 07:41:17,6.0,picked_up
1896,29,236,10,2025-08-20 18:08:19,43.6,picked_up
1897,47,48,3,2025-01-31 09:14:49,41.1,picked_up
1898,54,201,6,2025-02-09 10:19:42,110.4,picked_up
1899,125,321,1,2025-01-30 23:17:08,19.5,picked_up
1900,81,325,7,2025-06-25 10:29:32,35.0,picked_up
1901,46,338,3,2025-08-09 15:33:42,42.9,picked_up
1902,88,178,1,2025-07-08 06:22:38,9.1,picked_up
1903,41,268,10,2025-10-16 09:06:55,28.2,picked_up
1904,8,275,2,2025-01-10 06:43:52,21.9,picked_up
1905,94,59,3,2025-03-26 14:11:35,33.8,cancelled
1906,187,355,3,2025-02-19 11:48:48,34.2,picked_up
1907,24,179,8,2025-10-03 07:49:02,22.3,picked_up
1908,127,224,5,2025-07-19 10:18:19,24.4,picked_up
1909,51,352,4,2025-10-06 22:36:59,9.8,picked_up
1910,197,301,7,2025-05-02 08:11:02,15.4,picked_up
1911,125,222,4,2025-06-23 14:29:29,28.8,picked_up
1912,82,319,12,2025-02-12 02:31:24,15.0,picked_up
1913,91,192,7,2025-09-04 01:10:37,22.4,picked_up
1914,9,262,8,2025-04-09 14:43:27,20.0,picked_up
1915,166,272,5,2025-05-18 03:14:20,31.0,picked_up
1916,83,220,2,2025-11-04 11:41:18,21.0,picked_up
1917,169,191,4,2025-05-25 18:57:30,5.0,picked_up
1918,82,353,6,2025-01-05 13:36:17,23.5,picked_up
1919,83,120,4,2025-08-07 10:52:10,15.6,picked_up
1920,135,112,5,2025-02-10 07:17:08,30.9,picked_up
1921,172,39,12,2025-08-12 05:35:12,31.2,picked_up
1922,112,163,7,2025-11-13 05:23:09,57.1,picked_up
1923,127,256,4,2025-01-19 12:07:53,4.3,picked_up
1924,116,88,7,2025-08-22 21:44:24,16.6,picked_up
1925,6,146,7,2025-01-08 06:14:46,25.0,picked_up
1926,119,146,10,2025-02-21 05:32:58,49.4,picked_up
1927,137,271,7,2025-01-16 12:37:37,10.7,picked_up
1928,25,213,1,2025-10-09 05:12:46,7.4,picked_up
1929,103,41,6,2025-08-05 10:29:30,92.9,picked_up
1930,101,153,8,2025-09-28 19:26:56,52.1,picked_up
1931,32,192,8,2025-08-29 07:57:47,69.1,picked_up
1932,3,72,4,2025-02-11 03:56:08,4.3,picked_up
1933,58,88,12,2025-02-04 12:22:31,36.8,picked_up
1934,138,3,6,2025-09-25 14:52:24,99.8,picked_up
1935,12,57,5,2025-01-19 23:25:26,44.4,picked_up
1936,177,314,2,2025-11-04 18:30:22,27.0,picked_up
1937,36,299,5,2025-06-29 05:58:37,35.5,picked_up
1938,193,300,6,2025-06-10 20:10:42,104.8,picked_up
1939,136,124,11,2025-08-13 18:16:33,9.3,picked_up
1940,83,396,8,2025-10-12 04:09:05,78.3,picked_up
1941,76,365,2,2025-02-02 11:41:54,27.0,picked_up
1942,189,106,4,2025-09-28 05:32:38,20.8,picked_up
1943,4,344,8,2025-03-26 06:31:42,12.3,picked_up
1944,27,175,7,2025-03-23 08:51:56,21.5,picked_up
1945,81,390,9,2025-05-02 10:25:25,33.3,picked_up
1946,130,55,11,2025-02-20 20:15:06,10.4,picked_up
1947,116,318,6,2025-07-19 17:49:54,52.4,picked_up
1948,72,217,7,2025-03-06 02:25:14,21.5,picked_up
1949,38,237,10,2025-02-11 22:55:42,33.1,picked_up
1950,118,96,4,2025-04-14 22:21:08,3.4,cancelled
1951,91,136,11,2025-02-16 06:52:48,23.6,picked_up
1952,55,78,2,2025-06-04 11:38:13,33.5,picked_up
1953,113,140,9,2025-05-24 22:36:20,23.4,picked_up
1954,109,100,11,2025-04-25 12:20:00,18.4,picked_up
1955,136,312,3,2025-07-12 00:50:12,75.3,picked_up
1956,166,128,2,2025-02-13 11:22:00,57.0,picked_up
1957,148,137,1,2025-04-04 01:28:15,36.3,picked_up
1958,159,359,2,2025-10-06 07:57:24,27.8,picked_up
1959,188,355,7,2025-04-15 12:25:45,15.3,picked_up
1960,89,327,3,2025-04-23 04:17:06,96.4,picked_up
1961,25,95,5,2025-07-15 18:32:17,37.2,picked_up
1962,79,353,10,2025-04-04 00:05:41,24.9,picked_up
1963,48,171,11,2025-06-27 02:55:25,7.4,picked_up
1964,110,172,1,2025-01-09 10:07:13,28.3,picked_up
1965,44,348,5,2025-10-23 14:08:37,44.3,picked_up
1966,122,299,10,2025-01-01 17:22:51,18.9,picked_up
1967,12,9,4,2025-08-09 15:18:32,15.8,picked_up
1968,135,258,5,2025-03-07 07:23:35,42.1,picked_up
1969,189,172,2,2025-06-26 02:41:24,15.2,picked_up
1970,66,340,6,2025-07-09 06:26:46,118.9,picked_up
1971,91,155,8,2025-10-04 03:08:39,9.0,picked_up
1972,153,248,9,2025-02-14 03:00:33,47.6,picked_up
1973,6,76,9,2025-06-09 16:26:59,45.1,picked_up
1974,92,255,11,2025-01-13 08:03:08,39.8,picked_up
1975,111,185,12,2025-03-22 10:55:31,35.4,picked_up
1976,97,328,4,2025-02-12 05:59:45,27.9,picked_up
1977,116,270,11,2025-03-10 06:40:23,28.8,picked_up
1978,85,201,11,2025-08-18 03:15:21,17.2,picked_up
1979,11,297,5,2025-07-22 07:28:32,16.8,picked_up
1980,117,291,10,2025-11-05 02:52:25,7.9,picked_up
1981,3,256,5,2025-09-24 13:34:19,7.3,picked_up
1982,75,320,11,2025-08-06 02:14:59,10.3,picked_up
1983,17,151,5,2025-01-07 09:19:54,25.4,picked_up
1984,152,64,4,2025-01-21 23:47:50,10.6,picked_up
1985,170,1,1,2025-01-20 17:07:14,20.1,picked_up
1986,129,341,6,2025-10-26 22:31:52,106.7,picked_up
1987,37,376,2,2025-03-18 17:37:56,59.4,picked_up
1988,9,243,2,2025-05-19 01:24:43,28.9,picked_up
1989,109,205,11,2025-02-08 10:43:08,27.3,picked_up
1990,45,289,5,2025-06-19 14:06:07,30.7,picked_up
1991,36,350,6,2025-10-26 11:06:47,98.5,picked_up
1992,52,155,3,2025-04-29 18:46:10,55.8,picked_up
1993,119,280,10,2025-03-13 13:09:09,46.5,picked_up
1994,135,227,7,2025-09-27 21:47:31,14.9,picked_up
1995,120,182,11,2025-06-16 10:09:56,29.9,picked_up
1996,144,14,7,2025-10-26 02:48:41,41.2,picked_up
1997,78,125,3,2025-08-14 16:59:49,77.7,picked_up
1998,145,151,3,2025-01-22 02:59:30,78.3,picked_up
1999,172,4,7,2025-06-30 01:40:53,17.1,picked_up
2000,14,44,9,2025-01-22 13:46:24,30.3,picked_up
